{
    "args": {
        "num_iterations": 20,
        "batch_size": 25,
        "random_seed": 44,
        "initially_labeled_samples": 25,
        "dataset": "rotten",
        "transformer_model_name": "bert-base-uncased",
        "exp_name": "baseline",
        "query_strategy": "Rand"
    },
    "train_accs": [
        0.52,
        0.76,
        0.52,
        0.83,
        0.944,
        0.94,
        0.9085714285714286,
        0.95,
        0.9466666666666667,
        0.968,
        0.9272727272727272,
        0.9166666666666666,
        0.96,
        0.9771428571428571,
        0.9573333333333334,
        0.9425,
        0.9529411764705882,
        0.9688888888888889,
        0.9536842105263158,
        0.962,
        0.9619047619047619
    ],
    "test_accs": [
        0.50187617260788,
        0.5206378986866792,
        0.50093808630394,
        0.6604127579737336,
        0.6369606003752345,
        0.6388367729831145,
        0.6669793621013134,
        0.7035647279549718,
        0.6782363977485929,
        0.7607879924953096,
        0.7851782363977486,
        0.701688555347092,
        0.7485928705440901,
        0.775797373358349,
        0.7833020637898687,
        0.8030018761726079,
        0.775797373358349,
        0.7870544090056285,
        0.7870544090056285,
        0.8133208255159474,
        0.7954971857410882
    ],
    "times_elapsed_query_strategy": [
        1.1709748760331422,
        0.00024120300076901913,
        0.0003056309651583433,
        0.00027708220295608044,
        0.0002550720237195492,
        0.0002906408626586199,
        0.00023641600273549557,
        0.00025660498067736626,
        0.00030112313106656075,
        0.0002536959946155548,
        0.00026959413662552834,
        0.0002599889412522316,
        0.00024955091066658497,
        0.00028357096016407013,
        0.0003100298345088959,
        0.0002533579245209694,
        0.00028631091117858887,
        0.00029703020118176937,
        0.0002349279820919037,
        0.00026911799795925617,
        0.0002745920792222023
    ],
    "times_elapsed_model": [
        0,
        14.583457096945494,
        16.151392343919724,
        16.447379293851554,
        16.972706803819165,
        18.11649193894118,
        18.70781269785948,
        19.635881218127906,
        20.875592603115365,
        21.291100308066234,
        21.87715695798397,
        23.041654374916106,
        23.774388186167926,
        24.35703982412815,
        26.14024830982089,
        26.184372326824814,
        27.38753592199646,
        27.764336650958285,
        28.578624764923006,
        29.48911586101167,
        30.196865106001496
    ]
}