{
    "args": {
        "num_iterations": 2,
        "batch_size": 20,
        "random_seed": 500,
        "initially_labeled_samples": 25,
        "dataset": "trec6",
        "transformer_model_name": "bert-base-uncased",
        "exp_name": "dev",
        "query_strategy": "MM"
    },
    "train_accs": [
        0.56,
        0.3333333333333333,
        0.27692307692307694
    ],
    "test_accs": [
        0.324,
        0.202,
        0.292
    ],
    "times_elapsed_query_strategy": [
        1.215744554065168,
        11.133575905812904,
        6.431055154884234
    ],
    "times_elapsed_model": [
        0,
        16.588407026138157,
        18.34546681982465
    ]
}