{
    "args": {
        "num_iterations": 20,
        "batch_size": 25,
        "random_seed": 44,
        "initially_labeled_samples": 25,
        "dataset": "ag_news",
        "transformer_model_name": "bert-base-uncased",
        "exp_name": "baseline",
        "query_strategy": "Ent"
    },
    "train_accs": [
        0.8,
        0.72,
        0.9466666666666667,
        0.77,
        0.376,
        0.44,
        0.7885714285714286,
        0.435,
        0.39555555555555555,
        0.912,
        0.8909090909090909,
        0.8433333333333334,
        0.7630769230769231,
        0.8828571428571429,
        0.5946666666666667,
        0.7775,
        0.3623529411764706,
        0.5066666666666667,
        0.42947368421052634,
        0.364,
        0.9104761904761904
    ],
    "test_accs": [
        0.5425,
        0.45973684210526317,
        0.6505263157894737,
        0.5307894736842105,
        0.46381578947368424,
        0.5048684210526316,
        0.6081578947368421,
        0.4072368421052632,
        0.47539473684210526,
        0.6431578947368422,
        0.7581578947368421,
        0.7502631578947369,
        0.6878947368421052,
        0.6946052631578947,
        0.6731578947368421,
        0.7197368421052631,
        0.589078947368421,
        0.6478947368421053,
        0.6719736842105263,
        0.5430263157894737,
        0.8448684210526316
    ],
    "times_elapsed_query_strategy": [
        8.107993243029341,
        131.7183762229979,
        132.12289096903987,
        131.93781050504185,
        132.14359571109526,
        132.21414236281998,
        132.15686485287733,
        132.1863190489821,
        131.9408995511476,
        132.12381977797486,
        132.11365332105197,
        132.15416942397133,
        132.2653242358938,
        132.00915776798502,
        132.20963570685126,
        132.21014861599542,
        132.27004666207358,
        131.994269503979,
        132.23368847114034,
        132.19281129399315,
        132.25016180286184
    ],
    "times_elapsed_model": [
        0,
        14.770184865919873,
        16.447101867059246,
        17.254689411027357,
        17.899178579915315,
        18.771945212967694,
        19.520254142116755,
        19.850679161958396,
        20.76282298611477,
        21.76503999205306,
        22.259878323879093,
        23.467068270081654,
        24.124201813014224,
        25.06103201606311,
        25.830791387939826,
        26.579261399107054,
        27.6518511751201,
        28.17230016295798,
        28.976715941913426,
        30.020548400003463,
        30.7881517149508
    ]
}