{
    "args": {
        "num_iterations": 20,
        "batch_size": 25,
        "random_seed": 45,
        "initially_labeled_samples": 25,
        "dataset": "rotten",
        "transformer_model_name": "bert-base-uncased",
        "exp_name": "baseline",
        "query_strategy": "Ent"
    },
    "train_accs": [
        0.6,
        0.66,
        0.92,
        0.93,
        0.944,
        0.9666666666666667,
        0.9428571428571428,
        0.93,
        0.9288888888888889,
        0.94,
        0.9418181818181818,
        0.9433333333333334,
        0.9015384615384615,
        0.9228571428571428,
        0.9413333333333334,
        0.925,
        0.9552941176470588,
        0.9444444444444444,
        0.9705263157894737,
        0.968,
        0.9714285714285714
    ],
    "test_accs": [
        0.5140712945590994,
        0.5075046904315197,
        0.6388367729831145,
        0.6538461538461539,
        0.6829268292682927,
        0.7110694183864915,
        0.7842401500938087,
        0.6969981238273921,
        0.6810506566604128,
        0.7270168855534709,
        0.7110694183864915,
        0.7617260787992496,
        0.773921200750469,
        0.7626641651031895,
        0.7551594746716698,
        0.8020637898686679,
        0.801125703564728,
        0.8161350844277674,
        0.7917448405253283,
        0.8208255159474672,
        0.800187617260788
    ],
    "times_elapsed_query_strategy": [
        1.1677144481800497,
        9.196299892151728,
        9.209415952907875,
        9.22090798895806,
        9.223094404907897,
        9.232739629922435,
        9.317755963886157,
        9.243067713920027,
        9.252224263967946,
        9.25631597591564,
        9.250186138087884,
        9.341433403082192,
        9.270016976166517,
        9.271040478954092,
        9.273020134074613,
        9.274737725034356,
        9.281669486081228,
        9.290304342051968,
        9.287824662867934,
        9.289565836079419,
        9.37131707300432
    ],
    "times_elapsed_model": [
        0,
        14.67962735099718,
        15.947129375999793,
        16.72577102901414,
        17.072461304022,
        18.26313216611743,
        18.926117758033797,
        19.65208118595183,
        20.692693722900003,
        21.16729496512562,
        22.092560654040426,
        22.889646212104708,
        23.531131708994508,
        24.65349669009447,
        25.537202049978077,
        25.952134798979387,
        26.475238552084193,
        27.644535400904715,
        28.448326828191057,
        29.54056924278848,
        30.381544610019773
    ]
}