{
    "args": {
        "num_iterations": 20,
        "batch_size": 25,
        "random_seed": 43,
        "initially_labeled_samples": 25,
        "dataset": "rotten",
        "transformer_model_name": "bert-base-uncased",
        "exp_name": "baseline",
        "query_strategy": "Ent"
    },
    "train_accs": [
        0.96,
        0.46,
        0.6,
        0.93,
        0.68,
        0.8733333333333333,
        0.8914285714285715,
        0.855,
        0.9244444444444444,
        0.908,
        0.8290909090909091,
        0.9466666666666667,
        0.9230769230769231,
        0.9228571428571428,
        0.96,
        0.9025,
        0.9623529411764706,
        0.9533333333333334,
        0.9663157894736842,
        0.96,
        0.939047619047619
    ],
    "test_accs": [
        0.5309568480300187,
        0.5,
        0.50093808630394,
        0.574108818011257,
        0.550656660412758,
        0.6575984990619137,
        0.6876172607879925,
        0.6744840525328331,
        0.7439024390243902,
        0.6923076923076923,
        0.6829268292682927,
        0.773921200750469,
        0.7673545966228893,
        0.7626641651031895,
        0.7729831144465291,
        0.7448405253283302,
        0.798311444652908,
        0.7814258911819888,
        0.797373358348968,
        0.7926829268292683,
        0.7917448405253283
    ],
    "times_elapsed_query_strategy": [
        1.1700300110969692,
        9.218465803889558,
        9.241969818016514,
        9.258008551085368,
        9.265889371978119,
        9.272486924892291,
        9.260356985963881,
        9.27326011704281,
        9.27783277304843,
        9.271413380047306,
        9.282971302047372,
        9.285453431075439,
        9.290670019807294,
        9.286190493963659,
        9.29869880178012,
        9.36653925315477,
        9.300217288080603,
        9.300879805814475,
        9.30260484199971,
        9.304962004069239,
        9.3110291659832
    ],
    "times_elapsed_model": [
        0,
        12.669190546032041,
        13.160049537895247,
        16.375262439949438,
        13.944256722927094,
        18.074433050118387,
        18.67897826107219,
        19.63891702098772,
        21.039022107142955,
        21.21863088896498,
        22.108968294225633,
        23.07059988914989,
        23.527929776115343,
        24.34108564001508,
        25.216584976995364,
        26.48331427294761,
        26.720456091919914,
        27.770420477027074,
        28.25769649189897,
        29.63472872413695,
        30.228365586837754
    ]
}