{
    "args": {
        "num_iterations": 20,
        "batch_size": 25,
        "random_seed": 45,
        "initially_labeled_samples": 25,
        "dataset": "subj",
        "transformer_model_name": "bert-base-uncased",
        "exp_name": "baseline",
        "query_strategy": "MM"
    },
    "train_accs": [
        0.96,
        0.82,
        0.96,
        0.96,
        0.976,
        0.9733333333333334,
        0.9828571428571429,
        0.945,
        0.9688888888888889,
        0.968,
        0.9781818181818182,
        0.97,
        0.9876923076923076,
        0.98,
        0.968,
        0.98,
        0.9670588235294117,
        0.9711111111111111,
        0.9536842105263158,
        0.958,
        0.9714285714285714
    ],
    "test_accs": [
        0.744,
        0.639,
        0.901,
        0.8995,
        0.901,
        0.9265,
        0.9335,
        0.9125,
        0.9455,
        0.939,
        0.949,
        0.9485,
        0.951,
        0.9465,
        0.9595,
        0.9435,
        0.9465,
        0.958,
        0.9535,
        0.9495,
        0.9565
    ],
    "times_elapsed_query_strategy": [
        2.158107635099441,
        8.560581703903154,
        8.592128141084686,
        8.616169675020501,
        8.61772663705051,
        8.61949072405696,
        8.61534343007952,
        8.622172194998711,
        8.620864890050143,
        8.618166783126071,
        8.619681496871635,
        8.627923056017607,
        8.622620290145278,
        8.629458524985239,
        8.62738289590925,
        8.63184110680595,
        8.625962887890637,
        8.635414886055514,
        8.64170442498289,
        8.639620077097788,
        8.642861334839836
    ],
    "times_elapsed_model": [
        0,
        15.086827588034794,
        16.009900813922286,
        16.25337223894894,
        17.124339856905863,
        18.218594847014174,
        19.029219983844087,
        19.48294909694232,
        20.276348321000114,
        21.105621948139742,
        21.910659363958985,
        22.78355992306024,
        23.728269830113277,
        24.37939132610336,
        25.29421855811961,
        25.86127617699094,
        26.58607294294052,
        27.490687352837995,
        28.314298023935407,
        29.483497928828,
        30.146401478908956
    ]
}