{
    "args": {
        "num_iterations": 20,
        "batch_size": 25,
        "random_seed": 45,
        "initially_labeled_samples": 25,
        "dataset": "trec6",
        "transformer_model_name": "bert-base-uncased",
        "exp_name": "baseline",
        "query_strategy": "Rand"
    },
    "train_accs": [
        0.28,
        0.4,
        0.24,
        0.45,
        0.432,
        0.52,
        0.5485714285714286,
        0.54,
        0.3466666666666667,
        0.692,
        0.7127272727272728,
        0.49,
        0.7261538461538461,
        0.6342857142857142,
        0.7546666666666667,
        0.54,
        0.7411764705882353,
        0.5688888888888889,
        0.6421052631578947,
        0.816,
        0.6438095238095238
    ],
    "test_accs": [
        0.156,
        0.272,
        0.32,
        0.342,
        0.394,
        0.45,
        0.368,
        0.594,
        0.306,
        0.634,
        0.464,
        0.414,
        0.688,
        0.646,
        0.66,
        0.56,
        0.744,
        0.602,
        0.576,
        0.778,
        0.648
    ],
    "times_elapsed_query_strategy": [
        0.5641269269399345,
        0.00026101991534233093,
        0.0002389510627835989,
        0.00027519301511347294,
        0.00025787902995944023,
        0.0001841678749769926,
        0.00023885490372776985,
        0.00025515584275126457,
        0.0001938550267368555,
        0.00019947392866015434,
        0.00023265392519533634,
        0.00018020602874457836,
        0.00024339393712580204,
        0.00020342390052974224,
        0.00022973003797233105,
        0.0001999309752136469,
        0.00027378578670322895,
        0.00026614684611558914,
        0.000261825043708086,
        0.00019154301844537258,
        0.0002476570662111044
    ],
    "times_elapsed_model": [
        0,
        14.19212532392703,
        12.944977928884327,
        16.719960587099195,
        17.11126222508028,
        17.90661914786324,
        18.455382594140247,
        19.641146320849657,
        20.295116455992684,
        20.79923367500305,
        21.673220025142655,
        22.67609745194204,
        23.35343596804887,
        23.788112692069262,
        25.001523518003523,
        25.813123533967882,
        26.590318375034258,
        27.380594860063866,
        28.036228698911145,
        29.166727324016392,
        29.683376954868436
    ]
}