{
    "args": {
        "num_iterations": 20,
        "batch_size": 25,
        "random_seed": 43,
        "initially_labeled_samples": 25,
        "dataset": "rotten",
        "transformer_model_name": "bert-base-uncased",
        "exp_name": "baseline",
        "query_strategy": "MM"
    },
    "train_accs": [
        0.96,
        0.46,
        0.6,
        0.93,
        0.68,
        0.8733333333333333,
        0.8914285714285715,
        0.855,
        0.9244444444444444,
        0.908,
        0.8290909090909091,
        0.9466666666666667,
        0.9230769230769231,
        0.9228571428571428,
        0.96,
        0.9025,
        0.9623529411764706,
        0.9533333333333334,
        0.9663157894736842,
        0.96,
        0.939047619047619
    ],
    "test_accs": [
        0.5309568480300187,
        0.5,
        0.50093808630394,
        0.574108818011257,
        0.550656660412758,
        0.6575984990619137,
        0.6876172607879925,
        0.6744840525328331,
        0.7439024390243902,
        0.6923076923076923,
        0.6829268292682927,
        0.773921200750469,
        0.7673545966228893,
        0.7626641651031895,
        0.7729831144465291,
        0.7448405253283302,
        0.798311444652908,
        0.7814258911819888,
        0.797373358348968,
        0.7926829268292683,
        0.7917448405253283
    ],
    "times_elapsed_query_strategy": [
        1.1682306549046189,
        9.147410945035517,
        9.153348610037938,
        9.182383857900277,
        9.184917550068349,
        9.189664163859561,
        9.192494441987947,
        9.205594163853675,
        9.19996259198524,
        9.203546969918534,
        9.202858624979854,
        9.192162241088226,
        9.19701807689853,
        9.196028230013326,
        9.1998446600046,
        9.288247702876106,
        9.214525138959289,
        9.209270175080746,
        9.224172610091045,
        9.219698508037254,
        9.222241202136502
    ],
    "times_elapsed_model": [
        0,
        12.235561755951494,
        13.200915987137705,
        16.83806578000076,
        14.341049805982038,
        18.050627263030037,
        18.60041861096397,
        19.936088818125427,
        20.623706391081214,
        21.76143716298975,
        22.511426678858697,
        23.11241218307987,
        23.941235799109563,
        24.591055447934195,
        26.003944878000766,
        26.382024216931313,
        26.83621938806027,
        27.80892275995575,
        28.666982043068856,
        29.619496955070645,
        29.998060178011656
    ]
}