{
    "args": {
        "num_iterations": 20,
        "batch_size": 25,
        "random_seed": 42,
        "initially_labeled_samples": 25,
        "dataset": "trec6",
        "transformer_model_name": "bert-base-uncased",
        "exp_name": "baseline",
        "query_strategy": "MM"
    },
    "train_accs": [
        0.28,
        0.24,
        0.12,
        0.49,
        0.256,
        0.48,
        0.2742857142857143,
        0.525,
        0.39555555555555555,
        0.48,
        0.4036363636363636,
        0.34,
        0.5076923076923077,
        0.46,
        0.38133333333333336,
        0.5975,
        0.6964705882352941,
        0.6644444444444444,
        0.728421052631579,
        0.71,
        0.6971428571428572
    ],
    "test_accs": [
        0.24,
        0.052,
        0.226,
        0.49,
        0.252,
        0.436,
        0.334,
        0.472,
        0.45,
        0.37,
        0.482,
        0.432,
        0.57,
        0.538,
        0.426,
        0.55,
        0.758,
        0.716,
        0.772,
        0.842,
        0.546
    ],
    "times_elapsed_query_strategy": [
        0.5629307772032917,
        5.856926834909245,
        5.8578917200211436,
        5.853124234126881,
        5.854579883860424,
        5.857323430944234,
        5.8594485020730644,
        5.86651769396849,
        5.866350775817409,
        5.865852826973423,
        5.8710114939603955,
        5.876273453934118,
        5.873029879061505,
        5.879798287991434,
        5.879936978919432,
        5.884189089993015,
        5.881421505007893,
        5.876119827153161,
        5.88529663789086,
        5.8913387099746615,
        5.962841404834762
    ],
    "times_elapsed_model": [
        0,
        12.128819664008915,
        13.072344765998423,
        16.331354242982343,
        16.713351435028017,
        17.824046126101166,
        18.472588911885396,
        19.10675055393949,
        20.40536736184731,
        20.84538320498541,
        21.476369028910995,
        22.60050703305751,
        23.815110648050904,
        24.096022366080433,
        24.832721784012392,
        25.736054327804595,
        26.639471133006737,
        27.728301709052175,
        28.843737783143297,
        29.5056024719961,
        29.796229213941842
    ]
}