{
    "args": {
        "num_iterations": 20,
        "batch_size": 25,
        "random_seed": 46,
        "initially_labeled_samples": 25,
        "dataset": "rotten",
        "transformer_model_name": "bert-base-uncased",
        "exp_name": "baseline",
        "query_strategy": "MM"
    },
    "train_accs": [
        1.0,
        0.84,
        0.9066666666666666,
        0.57,
        0.712,
        0.9333333333333333,
        0.92,
        0.95,
        0.9377777777777778,
        0.948,
        0.9163636363636364,
        0.97,
        0.9692307692307692,
        0.9457142857142857,
        0.9306666666666666,
        0.9575,
        0.9505882352941176,
        0.9644444444444444,
        0.9578947368421052,
        0.962,
        0.9638095238095238
    ],
    "test_accs": [
        0.5656660412757973,
        0.5469043151969981,
        0.6210131332082551,
        0.50093808630394,
        0.5150093808630394,
        0.6397748592870544,
        0.7213883677298312,
        0.6941838649155723,
        0.7091932457786116,
        0.773921200750469,
        0.774859287054409,
        0.7392120075046904,
        0.7701688555347092,
        0.8030018761726079,
        0.7073170731707317,
        0.7720450281425891,
        0.7889305816135085,
        0.7842401500938087,
        0.7701688555347092,
        0.797373358348968,
        0.7879924953095685
    ],
    "times_elapsed_query_strategy": [
        1.1639668049756438,
        9.122341467998922,
        9.15133992396295,
        9.159248356008902,
        9.170058106072247,
        9.174311610870063,
        9.179339497117326,
        9.182061168830842,
        9.19778814795427,
        9.191747649107128,
        9.189063339028507,
        9.197010173927993,
        9.199302756926045,
        9.213608934078366,
        9.207218650961295,
        9.287023494020104,
        9.209289683960378,
        9.20802141702734,
        9.206525529036298,
        9.21575349313207,
        9.21772564901039
    ],
    "times_elapsed_model": [
        0,
        15.066059933975339,
        16.08182217995636,
        13.555560889886692,
        17.177462755935267,
        18.20950317615643,
        18.77299865707755,
        19.56021893583238,
        20.189399815863,
        21.233429483138025,
        21.851331600919366,
        22.948030930943787,
        23.32466219505295,
        24.319758590776473,
        25.087593107949942,
        25.929426503833383,
        26.64108440792188,
        27.566335825948045,
        28.332055954029784,
        29.531519650947303,
        30.477949226042256
    ]
}