{
    "args": {
        "num_iterations": 20,
        "batch_size": 25,
        "random_seed": 42,
        "initially_labeled_samples": 25,
        "dataset": "rotten",
        "transformer_model_name": "bert-base-uncased",
        "exp_name": "baseline",
        "query_strategy": "MM"
    },
    "train_accs": [
        0.56,
        0.96,
        0.9466666666666667,
        0.95,
        0.888,
        0.86,
        0.96,
        0.98,
        0.9511111111111111,
        0.948,
        0.9381818181818182,
        0.9633333333333334,
        0.9538461538461539,
        0.9114285714285715,
        0.944,
        0.9325,
        0.9529411764705882,
        0.9511111111111111,
        0.9768421052631578,
        0.926,
        0.9314285714285714
    ],
    "test_accs": [
        0.5046904315196998,
        0.5928705440900562,
        0.6313320825515948,
        0.6791744840525328,
        0.6022514071294559,
        0.6116322701688556,
        0.6960600375234521,
        0.7045028142589118,
        0.6435272045028143,
        0.7213883677298312,
        0.7354596622889306,
        0.7373358348968105,
        0.7532833020637899,
        0.7410881801125704,
        0.7711069418386491,
        0.7729831144465291,
        0.7870544090056285,
        0.797373358348968,
        0.7954971857410882,
        0.8105065666041276,
        0.7823639774859287
    ],
    "times_elapsed_query_strategy": [
        1.1709110559895635,
        9.152549210004508,
        9.15935928397812,
        9.162136057857424,
        9.166486039059237,
        9.243461413076147,
        9.179569733096287,
        9.189152440987527,
        9.189545360160992,
        9.197439065901563,
        9.269778897985816,
        9.197443549055606,
        9.194197500823066,
        9.199972679140046,
        9.206577141070738,
        9.211153388023376,
        9.212028743000701,
        9.219497326062992,
        9.216857708059251,
        9.290783243952319,
        9.22677770187147
    ],
    "times_elapsed_model": [
        0,
        14.557954485993832,
        15.780916557880118,
        16.55207234597765,
        17.196736852871254,
        18.080686777830124,
        18.954424059018493,
        19.429386981995776,
        20.558564655017108,
        21.29639900987968,
        21.959463204955682,
        23.334065068047494,
        23.620104432106018,
        24.218085571890697,
        26.100426229881123,
        26.166442977963015,
        26.675311002181843,
        27.451320850057527,
        28.15794051787816,
        29.402157390955836,
        30.15014963899739
    ]
}