{
    "args": {
        "num_iterations": 20,
        "batch_size": 25,
        "random_seed": 46,
        "initially_labeled_samples": 25,
        "dataset": "trec6",
        "transformer_model_name": "bert-base-uncased",
        "exp_name": "baseline",
        "query_strategy": "MM"
    },
    "train_accs": [
        0.48,
        0.4,
        0.3466666666666667,
        0.45,
        0.36,
        0.18,
        0.5942857142857143,
        0.5,
        0.4,
        0.432,
        0.5345454545454545,
        0.55,
        0.5169230769230769,
        0.4085714285714286,
        0.4613333333333333,
        0.635,
        0.7670588235294118,
        0.6955555555555556,
        0.5747368421052632,
        0.606,
        0.7657142857142857
    ],
    "test_accs": [
        0.218,
        0.31,
        0.306,
        0.51,
        0.288,
        0.168,
        0.446,
        0.558,
        0.294,
        0.368,
        0.384,
        0.552,
        0.536,
        0.4,
        0.558,
        0.558,
        0.678,
        0.75,
        0.64,
        0.758,
        0.79
    ],
    "times_elapsed_query_strategy": [
        0.55974613991566,
        5.844422049121931,
        5.831935440190136,
        5.834040095098317,
        5.836792537942529,
        5.8471503930632025,
        5.859594770008698,
        5.865339369978756,
        5.872082561952993,
        5.877246196847409,
        5.874253510963172,
        5.870984998997301,
        5.869587521068752,
        5.870019463822246,
        5.867502531968057,
        5.867011332884431,
        5.869383598910645,
        5.870366647141054,
        5.875414467882365,
        5.879893897101283,
        5.876698757056147
    ],
    "times_elapsed_model": [
        0,
        14.930461820913479,
        15.784637343138456,
        16.540765702957287,
        17.447870469186455,
        15.84188982192427,
        18.718052129028365,
        19.27347449795343,
        20.686599243897945,
        20.87956899800338,
        21.651347272098064,
        22.7310089438688,
        23.285225799074396,
        24.61646510916762,
        25.347645287867635,
        25.72216408792883,
        26.49134838115424,
        27.50555144320242,
        28.065935194958,
        29.345954799791798,
        30.16585663612932
    ]
}