{
    "args": {
        "num_iterations": 20,
        "batch_size": 25,
        "random_seed": 44,
        "initially_labeled_samples": 25,
        "dataset": "imdb",
        "transformer_model_name": "bert-base-uncased",
        "exp_name": "baseline",
        "query_strategy": "MM"
    },
    "train_accs": [
        0.68,
        0.52,
        0.6533333333333333,
        0.73,
        0.696,
        0.94,
        0.7714285714285715,
        0.92,
        0.8533333333333334,
        0.584,
        0.9418181818181818,
        0.8466666666666667,
        0.9384615384615385,
        0.92,
        0.576,
        0.9,
        0.908235294117647,
        0.7888888888888889,
        0.9263157894736842,
        0.95,
        0.9047619047619048
    ],
    "test_accs": [
        0.50464,
        0.49996,
        0.5066,
        0.53456,
        0.59252,
        0.57644,
        0.56304,
        0.63868,
        0.63068,
        0.50184,
        0.66372,
        0.64424,
        0.6434,
        0.659,
        0.54176,
        0.74808,
        0.67036,
        0.59772,
        0.74172,
        0.73192,
        0.69664
    ],
    "times_elapsed_query_strategy": [
        26.550227229949087,
        26.96897834422998,
        27.109877008013427,
        27.147965902928263,
        27.165237210923806,
        27.326772172003984,
        27.16522324900143,
        27.295291356975213,
        27.167726984946057,
        27.293327952036634,
        27.208132590865716,
        27.17060559010133,
        27.1827860919293,
        27.17048377986066,
        27.305605961941183,
        27.19494630396366,
        27.323748276103288,
        27.182779421797022,
        27.3126814130228,
        27.195679498836398,
        27.201478469884023
    ],
    "times_elapsed_model": [
        0,
        12.236348709091544,
        13.099040189059451,
        14.768093235092238,
        17.27659107116051,
        18.226642658002675,
        18.98797694616951,
        19.361498825950548,
        20.58130551711656,
        17.176785341929644,
        21.842327933060005,
        22.708774521946907,
        23.565093469107524,
        24.347311255987734,
        19.84510653698817,
        26.11389628215693,
        26.526738623855636,
        27.757899959106,
        28.224897646112368,
        29.753112968988717,
        30.17131727002561
    ]
}