{
    "args": {
        "num_iterations": 20,
        "batch_size": 25,
        "random_seed": 46,
        "initially_labeled_samples": 25,
        "dataset": "imdb",
        "transformer_model_name": "bert-base-uncased",
        "exp_name": "baseline",
        "query_strategy": "MM"
    },
    "train_accs": [
        0.64,
        0.96,
        0.8933333333333333,
        0.96,
        0.6,
        0.9733333333333334,
        0.9485714285714286,
        0.935,
        0.9377777777777778,
        0.9,
        0.9090909090909091,
        0.87,
        0.6923076923076923,
        0.9142857142857143,
        0.8986666666666666,
        0.92,
        0.9341176470588235,
        0.8666666666666667,
        0.8442105263157895,
        0.934,
        0.8971428571428571
    ],
    "test_accs": [
        0.48244,
        0.5166,
        0.5482,
        0.563,
        0.50676,
        0.593,
        0.66696,
        0.60096,
        0.64056,
        0.5786,
        0.6142,
        0.58816,
        0.54432,
        0.66448,
        0.71228,
        0.71704,
        0.68656,
        0.70184,
        0.71276,
        0.71172,
        0.72132
    ],
    "times_elapsed_query_strategy": [
        26.584226554026827,
        26.99355418700725,
        27.134763655951247,
        27.139717292040586,
        27.159822970163077,
        27.31458127289079,
        27.20280912402086,
        27.381688648136333,
        27.194688108051196,
        27.34847800503485,
        27.201408250955865,
        27.175447585061193,
        27.191473457030952,
        27.21422987105325,
        27.18876508018002,
        27.19918131805025,
        27.33524023904465,
        27.205917582847178,
        27.318340247962624,
        27.208855672972277,
        27.20817828201689
    ],
    "times_elapsed_model": [
        0,
        14.313620735891163,
        15.613035239977762,
        16.376273239962757,
        15.066613227827474,
        18.54712731996551,
        18.851050728932023,
        19.72773332404904,
        20.945695623988286,
        21.310184637084603,
        22.551663011079654,
        23.51137290801853,
        18.767934109084308,
        24.52706637280062,
        25.70061834389344,
        26.36372160189785,
        27.272756202844903,
        27.741903102956712,
        29.021846240852028,
        30.4034842280671,
        30.565282529918477
    ]
}