{
    "args": {
        "num_iterations": 20,
        "batch_size": 25,
        "random_seed": 42,
        "initially_labeled_samples": 25,
        "dataset": "rotten",
        "transformer_model_name": "bert-base-uncased",
        "exp_name": "baseline",
        "query_strategy": "Ent"
    },
    "train_accs": [
        0.56,
        0.96,
        0.9466666666666667,
        0.95,
        0.888,
        0.86,
        0.96,
        0.98,
        0.9511111111111111,
        0.948,
        0.9381818181818182,
        0.9633333333333334,
        0.9538461538461539,
        0.9114285714285715,
        0.944,
        0.9325,
        0.9529411764705882,
        0.9511111111111111,
        0.9768421052631578,
        0.926,
        0.9314285714285714
    ],
    "test_accs": [
        0.5046904315196998,
        0.5928705440900562,
        0.6313320825515948,
        0.6791744840525328,
        0.6022514071294559,
        0.6116322701688556,
        0.6960600375234521,
        0.7045028142589118,
        0.6435272045028143,
        0.7213883677298312,
        0.7354596622889306,
        0.7373358348968105,
        0.7532833020637899,
        0.7410881801125704,
        0.7711069418386491,
        0.7729831144465291,
        0.7870544090056285,
        0.797373358348968,
        0.7954971857410882,
        0.8105065666041276,
        0.7823639774859287
    ],
    "times_elapsed_query_strategy": [
        1.1701371220406145,
        9.21604058588855,
        9.226395105011761,
        9.22997549502179,
        9.24011686607264,
        9.325464880093932,
        9.259764964925125,
        9.264175213873386,
        9.273301207926124,
        9.283494126051664,
        9.35942170303315,
        9.280505801085383,
        9.28681761608459,
        9.290840903995559,
        9.29564180620946,
        9.328045842936262,
        9.300582427997142,
        9.304017637856305,
        9.302939970977604,
        9.37992991018109,
        9.305692158872262
    ],
    "times_elapsed_model": [
        0,
        14.62067411490716,
        16.400936238002032,
        16.532370449975133,
        17.073217649012804,
        18.206148447003216,
        18.840069950092584,
        19.514283609110862,
        20.4213679919485,
        21.30393932410516,
        22.143242402002215,
        22.899156217928976,
        23.56014845590107,
        24.174529775977135,
        25.55998756014742,
        25.939402997028083,
        26.74427191889845,
        27.719692334067076,
        28.254483970813453,
        29.400969250127673,
        29.96002173004672
    ]
}