{
    "args": {
        "num_iterations": 20,
        "batch_size": 25,
        "random_seed": 43,
        "initially_labeled_samples": 25,
        "dataset": "rotten",
        "transformer_model_name": "bert-base-uncased",
        "exp_name": "baseline",
        "query_strategy": "LC"
    },
    "train_accs": [
        0.96,
        0.46,
        0.6,
        0.93,
        0.68,
        0.8733333333333333,
        0.8914285714285715,
        0.855,
        0.9244444444444444,
        0.908,
        0.8290909090909091,
        0.9466666666666667,
        0.9230769230769231,
        0.9228571428571428,
        0.96,
        0.9025,
        0.9623529411764706,
        0.9533333333333334,
        0.9663157894736842,
        0.96,
        0.939047619047619
    ],
    "test_accs": [
        0.5309568480300187,
        0.5,
        0.50093808630394,
        0.574108818011257,
        0.550656660412758,
        0.6575984990619137,
        0.6876172607879925,
        0.6744840525328331,
        0.7439024390243902,
        0.6923076923076923,
        0.6829268292682927,
        0.773921200750469,
        0.7673545966228893,
        0.7626641651031895,
        0.7729831144465291,
        0.7448405253283302,
        0.798311444652908,
        0.7814258911819888,
        0.797373358348968,
        0.7926829268292683,
        0.7917448405253283
    ],
    "times_elapsed_query_strategy": [
        1.1802180369850248,
        9.12331942981109,
        9.130220407852903,
        9.145526952808723,
        9.13987245108001,
        9.147748491959646,
        9.153699113056064,
        9.159746302990243,
        9.168942161137238,
        9.170270052039996,
        9.165664653060958,
        9.171241885051131,
        9.174024045001715,
        9.182887506205589,
        9.185238549020141,
        9.259087532991543,
        9.191158214118332,
        9.194376998115331,
        9.205013480968773,
        9.194969995878637,
        9.192906216951087
    ],
    "times_elapsed_model": [
        0,
        12.265765612013638,
        13.265356007963419,
        16.33766495413147,
        14.125458923866972,
        18.342150028795004,
        18.73779470496811,
        19.528737414162606,
        20.60080099501647,
        21.230502692051232,
        22.143630664097145,
        22.966859765117988,
        23.65576488384977,
        24.42400494008325,
        25.558459287974983,
        25.8165116161108,
        26.512292892904952,
        27.780331320129335,
        28.7584153378848,
        30.09577134111896,
        30.670584121951833
    ]
}