{
    "args": {
        "num_iterations": 3,
        "batch_size": 20,
        "random_seed": 42,
        "initially_labeled_samples": 25,
        "dataset": "subj",
        "transformer_model_name": "bert-base-uncased",
        "exp_name": "test"
    },
    "train_accs": [
        0.9777777777777777,
        0.8769230769230769,
        0.9529411764705882
    ],
    "test_accs": [
        0.8585,
        0.748,
        0.8915
    ],
    "times_elapsed": [
        13.570717861875892,
        10.122056202962995,
        11.649464946938679
    ]
}