{
    "args": {
        "num_iterations": 20,
        "batch_size": 25,
        "random_seed": 45,
        "initially_labeled_samples": 25,
        "dataset": "ag_news",
        "transformer_model_name": "bert-base-uncased",
        "exp_name": "baseline",
        "query_strategy": "MM"
    },
    "train_accs": [
        0.8,
        0.66,
        0.8666666666666667,
        0.86,
        0.808,
        0.7866666666666666,
        0.9028571428571428,
        0.79,
        0.8266666666666667,
        0.788,
        0.610909090909091,
        0.8166666666666667,
        0.6584615384615384,
        0.8228571428571428,
        0.8186666666666667,
        0.91,
        0.8823529411764706,
        0.8333333333333334,
        0.6989473684210527,
        0.894,
        0.8838095238095238
    ],
    "test_accs": [
        0.4126315789473684,
        0.3232894736842105,
        0.5677631578947369,
        0.5235526315789474,
        0.6884210526315789,
        0.6828947368421052,
        0.7781578947368422,
        0.7156578947368422,
        0.7327631578947369,
        0.7581578947368421,
        0.6551315789473684,
        0.8171052631578948,
        0.7010526315789474,
        0.8273684210526315,
        0.7942105263157895,
        0.85,
        0.858421052631579,
        0.8539473684210527,
        0.7613157894736842,
        0.8823684210526316,
        0.8797368421052632
    ],
    "times_elapsed_query_strategy": [
        8.100556530058384,
        130.36402594693936,
        130.73085892014205,
        130.6336831280496,
        130.89352281787433,
        130.91339310910553,
        130.93321997090243,
        130.8674325470347,
        130.6364380151499,
        130.86464928695932,
        130.9167320241686,
        130.86975820898078,
        130.93599729286507,
        130.71109941904433,
        130.8959146400448,
        130.90714306896552,
        130.88994993595406,
        130.96708378917538,
        130.67029122682288,
        130.91752325813286,
        130.86062958394177
    ],
    "times_elapsed_model": [
        0,
        13.649256981909275,
        16.10626340401359,
        16.50209403480403,
        17.439640476135537,
        18.2657347030472,
        19.103121642954648,
        20.12712357286364,
        21.251168166985735,
        21.600337837124243,
        22.35046517988667,
        22.89519859291613,
        23.66017791000195,
        24.88031148398295,
        25.38088331418112,
        26.489219893002883,
        26.801148053025827,
        28.257568864151835,
        29.232600135961547,
        29.768491470022127,
        30.418319275137037
    ]
}