{
    "args": {
        "num_iterations": 20,
        "batch_size": 25,
        "random_seed": 44,
        "initially_labeled_samples": 25,
        "dataset": "imdb",
        "transformer_model_name": "bert-base-uncased",
        "exp_name": "baseline",
        "query_strategy": "Rand"
    },
    "train_accs": [
        0.68,
        0.96,
        0.8533333333333334,
        0.83,
        0.92,
        0.8733333333333333,
        0.8857142857142857,
        0.925,
        0.9555555555555556,
        0.964,
        0.9163636363636364,
        0.8066666666666666,
        0.9446153846153846,
        0.9485714285714286,
        0.944,
        0.9375,
        0.9341176470588235,
        0.9511111111111111,
        0.9178947368421052,
        0.928,
        0.9561904761904761
    ],
    "test_accs": [
        0.50464,
        0.60708,
        0.53588,
        0.58844,
        0.60012,
        0.61236,
        0.61528,
        0.63252,
        0.6256,
        0.674,
        0.67712,
        0.63188,
        0.68028,
        0.70772,
        0.67068,
        0.72888,
        0.69564,
        0.71152,
        0.704,
        0.74748,
        0.72904
    ],
    "times_elapsed_query_strategy": [
        26.607531502842903,
        0.0005234179552644491,
        0.0005066278390586376,
        0.0005167368799448013,
        0.0005048529710620642,
        0.0005004520062357187,
        0.0005160309374332428,
        0.000512836966663599,
        0.0005089519545435905,
        0.0005123899318277836,
        0.0005122609436511993,
        0.0005099200643599033,
        0.0005439149681478739,
        0.0005369239952415228,
        0.0005217720754444599,
        0.0005085619632154703,
        0.0004788378719240427,
        0.000518422108143568,
        0.0005233210977166891,
        0.0005495960358530283,
        0.0005190300289541483
    ],
    "times_elapsed_model": [
        0,
        15.028995394008234,
        15.402823597192764,
        17.72062706295401,
        17.551020245999098,
        18.53901981189847,
        18.68052764190361,
        19.79620757000521,
        20.984456973848864,
        21.183681414928287,
        22.178876047953963,
        23.54141289787367,
        23.88891687593423,
        24.536377605050802,
        25.7263578211423,
        25.95428904192522,
        26.798053940059617,
        28.09325913293287,
        28.575295704882592,
        29.892901685088873,
        30.772941417992115
    ]
}