{
    "args": {
        "num_iterations": 3,
        "batch_size": 20,
        "random_seed": 42,
        "initially_labeled_samples": 25,
        "dataset": "trec6",
        "transformer_model_name": "bert-base-uncased",
        "exp_name": "test"
    },
    "train_accs": [
        0.2222222222222222,
        0.13846153846153847,
        0.4235294117647059
    ],
    "test_accs": [
        0.09,
        0.094,
        0.256
    ],
    "times_elapsed": [
        5.643943567993119,
        5.675730047049001,
        5.71083555999212
    ]
}