{
    "args": {
        "num_iterations": 20,
        "batch_size": 25,
        "random_seed": 42,
        "initially_labeled_samples": 25,
        "dataset": "imdb",
        "transformer_model_name": "bert-base-uncased",
        "exp_name": "baseline",
        "query_strategy": "Rand"
    },
    "train_accs": [
        0.48,
        0.7,
        0.92,
        0.91,
        0.944,
        0.96,
        0.92,
        0.8,
        0.9155555555555556,
        0.928,
        0.8327272727272728,
        0.8966666666666666,
        0.8953846153846153,
        0.9428571428571428,
        0.9333333333333333,
        0.9475,
        0.96,
        0.96,
        0.911578947368421,
        0.946,
        0.9371428571428572
    ],
    "test_accs": [
        0.50084,
        0.51164,
        0.56848,
        0.599,
        0.59412,
        0.64676,
        0.62456,
        0.58828,
        0.63096,
        0.63884,
        0.645,
        0.7272,
        0.6364,
        0.7316,
        0.71168,
        0.72952,
        0.73288,
        0.73108,
        0.6732,
        0.7366,
        0.7598
    ],
    "times_elapsed_query_strategy": [
        26.593813323881477,
        0.0006574629805982113,
        0.00047297985292971134,
        0.000512758968397975,
        0.000555254053324461,
        0.0005248489324003458,
        0.0005129361525177956,
        0.000517197884619236,
        0.000525972805917263,
        0.0005155450198799372,
        0.0005270950496196747,
        0.0005161301232874393,
        0.00047539081424474716,
        0.0005251208785921335,
        0.0005311849527060986,
        0.0005313039291650057,
        0.0005289760883897543,
        0.0005385850090533495,
        0.0005229548551142216,
        0.0005180782172828913,
        0.0005174949765205383
    ],
    "times_elapsed_model": [
        0,
        12.93979720491916,
        16.03782117087394,
        16.392987232888117,
        17.038490585051477,
        18.227326080203056,
        18.900021091103554,
        19.794023331953213,
        20.67633602092974,
        21.51430020784028,
        22.518418882973492,
        23.12312486115843,
        24.130179465049878,
        24.58348766597919,
        25.92423336300999,
        26.231228521093726,
        27.38617906696163,
        28.068008614936844,
        28.557960415957496,
        29.9479934531264,
        30.40439968998544
    ]
}