{
    "args": {
        "num_iterations": 20,
        "batch_size": 25,
        "random_seed": 46,
        "initially_labeled_samples": 25,
        "dataset": "rotten",
        "transformer_model_name": "bert-base-uncased",
        "exp_name": "baseline",
        "query_strategy": "Ent"
    },
    "train_accs": [
        1.0,
        0.84,
        0.9066666666666666,
        0.57,
        0.712,
        0.9333333333333333,
        0.92,
        0.95,
        0.9377777777777778,
        0.948,
        0.9163636363636364,
        0.97,
        0.9692307692307692,
        0.9457142857142857,
        0.9306666666666666,
        0.9575,
        0.9505882352941176,
        0.9644444444444444,
        0.9578947368421052,
        0.962,
        0.9638095238095238
    ],
    "test_accs": [
        0.5656660412757973,
        0.5469043151969981,
        0.6210131332082551,
        0.50093808630394,
        0.5150093808630394,
        0.6397748592870544,
        0.7213883677298312,
        0.6941838649155723,
        0.7091932457786116,
        0.773921200750469,
        0.774859287054409,
        0.7392120075046904,
        0.7701688555347092,
        0.8030018761726079,
        0.7073170731707317,
        0.7720450281425891,
        0.7889305816135085,
        0.7842401500938087,
        0.7701688555347092,
        0.797373358348968,
        0.7879924953095685
    ],
    "times_elapsed_query_strategy": [
        1.168523872969672,
        9.22046325611882,
        9.241770495893434,
        9.247137943049893,
        9.260359559906647,
        9.262494778027758,
        9.264099413063377,
        9.268426264170557,
        9.267664194107056,
        9.270874601090327,
        9.269738977076486,
        9.27680860296823,
        9.279007563833147,
        9.282082002842799,
        9.281656476901844,
        9.357967718038708,
        9.284704960882664,
        9.291578094940633,
        9.29740883409977,
        9.29666761890985,
        9.299618119141087
    ],
    "times_elapsed_model": [
        0,
        14.740002188133076,
        15.809758909977973,
        13.524373966036364,
        16.943726873025298,
        17.920585949206725,
        18.539316788082942,
        19.230954171158373,
        20.67089769197628,
        21.039615140063688,
        21.989782192045823,
        22.699461871990934,
        23.4032887511421,
        24.72681945702061,
        25.139280955074355,
        25.878075113054365,
        26.274257234996185,
        27.565556413959712,
        27.98857006803155,
        29.51453525084071,
        30.41607401915826
    ]
}