{
    "args": {
        "num_iterations": 20,
        "batch_size": 25,
        "random_seed": 42,
        "initially_labeled_samples": 25,
        "dataset": "imdb",
        "transformer_model_name": "bert-base-uncased",
        "exp_name": "baseline",
        "query_strategy": "LC"
    },
    "train_accs": [
        0.48,
        0.72,
        0.8533333333333334,
        0.51,
        0.936,
        0.8266666666666667,
        0.92,
        0.8,
        0.9511111111111111,
        0.804,
        0.9309090909090909,
        0.93,
        0.8984615384615384,
        0.8685714285714285,
        0.8773333333333333,
        0.9325,
        0.9388235294117647,
        0.9577777777777777,
        0.9578947368421052,
        0.884,
        0.9466666666666667
    ],
    "test_accs": [
        0.50084,
        0.52548,
        0.53236,
        0.50332,
        0.62792,
        0.5454,
        0.55788,
        0.57288,
        0.62536,
        0.5598,
        0.65232,
        0.65824,
        0.70056,
        0.59104,
        0.68508,
        0.6632,
        0.63716,
        0.66808,
        0.67636,
        0.68164,
        0.74136
    ],
    "times_elapsed_query_strategy": [
        26.60003358311951,
        26.93378315703012,
        27.08977197506465,
        27.098547605099156,
        27.133443157887086,
        27.268511650152504,
        27.164667019154876,
        27.307630685856566,
        27.178661307087168,
        27.32312850584276,
        27.19100282085128,
        27.330514708068222,
        27.205784644000232,
        27.18304800707847,
        27.18451865296811,
        27.172479656990618,
        27.178162534022704,
        27.181408618111163,
        27.187381642172113,
        27.192809533094987,
        27.322437471011654
    ],
    "times_elapsed_model": [
        0,
        12.387947384035215,
        15.817819835850969,
        14.118637070991099,
        17.481434118933976,
        18.063397027086467,
        18.83641708502546,
        19.833981472998857,
        20.77108153491281,
        18.522518057841808,
        22.020636497065425,
        22.884774670004845,
        24.331912638852373,
        24.881569241173565,
        26.014925400028005,
        26.56963944900781,
        26.757531081791967,
        27.877783423056826,
        28.857301220064983,
        29.626826378982514,
        30.426982077071443
    ]
}