{
    "args": {
        "num_iterations": 20,
        "batch_size": 25,
        "random_seed": 43,
        "initially_labeled_samples": 25,
        "dataset": "subj",
        "transformer_model_name": "bert-base-uncased",
        "exp_name": "baseline",
        "query_strategy": "Ent"
    },
    "train_accs": [
        1.0,
        0.96,
        0.8533333333333334,
        0.98,
        0.96,
        0.96,
        0.9714285714285714,
        0.97,
        0.9911111111111112,
        0.98,
        0.9345454545454546,
        0.9766666666666667,
        0.9784615384615385,
        0.9371428571428572,
        0.9813333333333333,
        0.9725,
        0.971764705882353,
        0.9511111111111111,
        0.9831578947368421,
        0.972,
        0.9733333333333334
    ],
    "test_accs": [
        0.839,
        0.833,
        0.7965,
        0.9035,
        0.9075,
        0.8995,
        0.923,
        0.932,
        0.9345,
        0.9345,
        0.9355,
        0.9495,
        0.9505,
        0.9335,
        0.945,
        0.9495,
        0.957,
        0.9575,
        0.949,
        0.959,
        0.955
    ],
    "times_elapsed_query_strategy": [
        2.179575829068199,
        8.648354928940535,
        8.683277005096897,
        8.686561419861391,
        8.691663588862866,
        8.704451282974333,
        8.708058896940202,
        8.702204693108797,
        8.706404526950791,
        8.707410857081413,
        8.712933311006054,
        8.71100709005259,
        8.710774715989828,
        8.712013439042494,
        8.718098073033616,
        8.795187745941803,
        8.719250212190673,
        8.71755581907928,
        8.726579535985366,
        8.72294599795714,
        8.801684213103727
    ],
    "times_elapsed_model": [
        0,
        14.935413867933676,
        14.346583451144397,
        16.31553809903562,
        17.577843994135037,
        18.126140541862696,
        18.890305440872908,
        20.03376903804019,
        20.678474673070014,
        21.677109743002802,
        22.11265251901932,
        22.89405247895047,
        23.83307693200186,
        24.898069103015587,
        25.677919768961146,
        26.458675113972276,
        27.200524603947997,
        28.065847215941176,
        28.410168841015548,
        29.555501035181805,
        30.504852664191276
    ]
}