{
    "args": {
        "num_iterations": 20,
        "batch_size": 25,
        "random_seed": 42,
        "initially_labeled_samples": 25,
        "dataset": "rotten",
        "transformer_model_name": "bert-base-uncased",
        "exp_name": "baseline",
        "query_strategy": "LC"
    },
    "train_accs": [
        0.56,
        0.96,
        0.9466666666666667,
        0.95,
        0.888,
        0.86,
        0.96,
        0.98,
        0.9511111111111111,
        0.948,
        0.9381818181818182,
        0.9633333333333334,
        0.9538461538461539,
        0.9114285714285715,
        0.944,
        0.9325,
        0.9529411764705882,
        0.9511111111111111,
        0.9768421052631578,
        0.926,
        0.9314285714285714
    ],
    "test_accs": [
        0.5046904315196998,
        0.5928705440900562,
        0.6313320825515948,
        0.6791744840525328,
        0.6022514071294559,
        0.6116322701688556,
        0.6960600375234521,
        0.7045028142589118,
        0.6435272045028143,
        0.7213883677298312,
        0.7354596622889306,
        0.7373358348968105,
        0.7532833020637899,
        0.7410881801125704,
        0.7711069418386491,
        0.7729831144465291,
        0.7870544090056285,
        0.797373358348968,
        0.7954971857410882,
        0.8105065666041276,
        0.7823639774859287
    ],
    "times_elapsed_query_strategy": [
        1.1687746688257903,
        9.129592892946675,
        9.15113999787718,
        9.157628410961479,
        9.170673578046262,
        9.244735710090026,
        9.179040644085035,
        9.176414403831586,
        9.180615667952225,
        9.18257376505062,
        9.262381568783894,
        9.191025292035192,
        9.191779006971046,
        9.198943104827777,
        9.194350438890979,
        9.200508140027523,
        9.203138866927475,
        9.202530220150948,
        9.199822113849223,
        9.278789345175028,
        9.208549886010587
    ],
    "times_elapsed_model": [
        0,
        14.531189686153084,
        16.0337651388254,
        16.77649121801369,
        17.074042201973498,
        17.958461500005797,
        18.814633310073987,
        19.350136436056346,
        20.911807066062465,
        21.250280909007415,
        21.929415958933532,
        22.991147158900276,
        23.55555624095723,
        24.701553964056075,
        25.54879402788356,
        26.06960652093403,
        26.599738718010485,
        27.80493613705039,
        28.40206914092414,
        29.378684000112116,
        30.06159508600831
    ]
}