{
    "args": {
        "num_iterations": 20,
        "batch_size": 25,
        "random_seed": 45,
        "initially_labeled_samples": 25,
        "dataset": "subj",
        "transformer_model_name": "bert-base-uncased",
        "exp_name": "baseline",
        "query_strategy": "Rand"
    },
    "train_accs": [
        0.96,
        0.92,
        0.9866666666666667,
        0.98,
        0.92,
        0.96,
        0.9885714285714285,
        0.945,
        0.9911111111111112,
        0.988,
        0.9854545454545455,
        0.99,
        0.9907692307692307,
        0.9914285714285714,
        0.9893333333333333,
        0.985,
        0.9952941176470588,
        0.9911111111111112,
        0.9936842105263158,
        0.984,
        0.9961904761904762
    ],
    "test_accs": [
        0.744,
        0.844,
        0.898,
        0.928,
        0.887,
        0.912,
        0.9275,
        0.925,
        0.939,
        0.936,
        0.944,
        0.946,
        0.941,
        0.95,
        0.949,
        0.9475,
        0.951,
        0.9495,
        0.946,
        0.945,
        0.95
    ],
    "times_elapsed_query_strategy": [
        2.162306151818484,
        0.00030345912091434,
        0.0002918308600783348,
        0.0002750321291387081,
        0.00027214596047997475,
        0.00022898404859006405,
        0.00028002006001770496,
        0.0002781630028039217,
        0.0002889540046453476,
        0.00023402017541229725,
        0.0002763329539448023,
        0.00026541994884610176,
        0.00028913188725709915,
        0.0002728300169110298,
        0.00027459999546408653,
        0.00027811387553811073,
        0.0002674402203410864,
        0.00026437919586896896,
        0.00023444811813533306,
        0.0002752321306616068,
        0.00023073190823197365
    ],
    "times_elapsed_model": [
        0,
        13.738432731945068,
        15.679872869048268,
        16.641513098962605,
        17.34360616095364,
        18.428640553029254,
        19.14034372800961,
        19.399858377175406,
        20.516965836053714,
        21.672626805957407,
        22.064166727941483,
        22.96210354892537,
        23.44794341106899,
        24.227433054009452,
        25.197330374037847,
        25.87776422407478,
        26.703342453110963,
        27.528711675899103,
        28.19585565291345,
        29.652018308872357,
        30.063415449112654
    ]
}