{
    "args": {
        "num_iterations": 20,
        "batch_size": 25,
        "random_seed": 44,
        "initially_labeled_samples": 25,
        "dataset": "ag_news",
        "transformer_model_name": "bert-base-uncased",
        "exp_name": "baseline",
        "query_strategy": "Rand"
    },
    "train_accs": [
        0.8,
        0.72,
        0.72,
        0.79,
        0.848,
        0.8733333333333333,
        0.9485714285714286,
        0.935,
        0.8977777777777778,
        0.96,
        0.9490909090909091,
        0.95,
        0.9415384615384615,
        0.94,
        0.9333333333333333,
        0.9375,
        0.9435294117647058,
        0.9511111111111111,
        0.9536842105263158,
        0.956,
        0.9619047619047619
    ],
    "test_accs": [
        0.5425,
        0.41289473684210526,
        0.5876315789473684,
        0.6631578947368421,
        0.6935526315789474,
        0.7030263157894737,
        0.7728947368421053,
        0.7542105263157894,
        0.7871052631578948,
        0.8215789473684211,
        0.8430263157894737,
        0.8421052631578947,
        0.8493421052631579,
        0.8478947368421053,
        0.8681578947368421,
        0.8578947368421053,
        0.8736842105263158,
        0.8776315789473684,
        0.86,
        0.8727631578947368,
        0.8764473684210526
    ],
    "times_elapsed_query_strategy": [
        8.104046653956175,
        0.0021501919254660606,
        0.002173057058826089,
        0.002130972919985652,
        0.002131737070158124,
        0.0021690730936825275,
        0.002201150869950652,
        0.0023937770165503025,
        0.0021749320439994335,
        0.002140345983207226,
        0.0021839248947799206,
        0.002159297000616789,
        0.0021627149544656277,
        0.0021457141265273094,
        0.002149278996512294,
        0.0021219919435679913,
        0.002157873008400202,
        0.0021583419293165207,
        0.0021684810053557158,
        0.0021121129393577576,
        0.0020428041461855173
    ],
    "times_elapsed_model": [
        0,
        14.431886435020715,
        16.622086819959804,
        16.72251178883016,
        17.29365477198735,
        18.293230826966465,
        18.956828248221427,
        19.904267103178427,
        20.819523527054116,
        21.36479556793347,
        22.50049392087385,
        23.27188219805248,
        24.141644614981487,
        24.4259582599625,
        25.72978526679799,
        26.19878665707074,
        26.804042725125328,
        28.076444772072136,
        28.317309197038412,
        30.194079503184184,
        30.227244530105963
    ]
}