{
    "args": {
        "num_iterations": 20,
        "batch_size": 25,
        "random_seed": 46,
        "initially_labeled_samples": 25,
        "dataset": "imdb",
        "transformer_model_name": "bert-base-uncased",
        "exp_name": "baseline",
        "query_strategy": "LC"
    },
    "train_accs": [
        0.64,
        0.96,
        0.8933333333333333,
        0.97,
        0.904,
        0.8933333333333333,
        0.9428571428571428,
        0.845,
        0.8577777777777778,
        0.94,
        0.9054545454545454,
        0.7,
        0.9107692307692308,
        0.9257142857142857,
        0.9306666666666666,
        0.955,
        0.8988235294117647,
        0.9622222222222222,
        0.9494736842105264,
        0.958,
        0.9428571428571428
    ],
    "test_accs": [
        0.48244,
        0.52752,
        0.53544,
        0.5752,
        0.5426,
        0.57172,
        0.616,
        0.60112,
        0.56836,
        0.706,
        0.67724,
        0.56788,
        0.68728,
        0.687,
        0.69844,
        0.68584,
        0.74976,
        0.71856,
        0.74848,
        0.73792,
        0.70912
    ],
    "times_elapsed_query_strategy": [
        26.61045686993748,
        26.962624836014584,
        27.111346265068278,
        27.137713029049337,
        27.168848794186488,
        27.29455351200886,
        27.195022091036662,
        27.332207798957825,
        27.19880740600638,
        27.2121604999993,
        27.218434192007408,
        27.207456429023296,
        27.20279078395106,
        27.18977354094386,
        27.209684803150594,
        27.2044075448066,
        27.329610120970756,
        27.20701937098056,
        27.333933687070385,
        27.195240339031443,
        27.32497333502397
    ],
    "times_elapsed_model": [
        0,
        14.34125493094325,
        15.813675804995,
        16.396734044188634,
        16.730363058159128,
        17.75846622302197,
        18.608530461089686,
        19.29368073004298,
        20.14625030802563,
        21.218599472893402,
        21.714338774094358,
        18.076730788918212,
        23.558792605996132,
        23.989737120922655,
        25.20539186312817,
        25.872643855866045,
        26.499388516880572,
        27.672737968852744,
        28.417894874000922,
        29.29925706097856,
        29.88690746296197
    ]
}