{
    "args": {
        "num_iterations": 20,
        "batch_size": 25,
        "random_seed": 45,
        "initially_labeled_samples": 25,
        "dataset": "subj",
        "transformer_model_name": "bert-base-uncased",
        "exp_name": "baseline",
        "query_strategy": "LC"
    },
    "train_accs": [
        0.96,
        0.82,
        0.96,
        0.96,
        0.976,
        0.9733333333333334,
        0.9828571428571429,
        0.945,
        0.9688888888888889,
        0.968,
        0.9781818181818182,
        0.97,
        0.9876923076923076,
        0.98,
        0.968,
        0.98,
        0.9670588235294117,
        0.9711111111111111,
        0.9536842105263158,
        0.958,
        0.9714285714285714
    ],
    "test_accs": [
        0.744,
        0.639,
        0.901,
        0.8995,
        0.901,
        0.9265,
        0.9335,
        0.9125,
        0.9455,
        0.939,
        0.949,
        0.9485,
        0.951,
        0.9465,
        0.9595,
        0.9435,
        0.9465,
        0.958,
        0.9535,
        0.9495,
        0.9565
    ],
    "times_elapsed_query_strategy": [
        2.1612384219188243,
        8.55518994689919,
        8.576783173950389,
        8.588208756176755,
        8.596720061963424,
        8.599704616935924,
        8.608285733964294,
        8.603052187012509,
        8.601716259960085,
        8.610335496952757,
        8.607307486934587,
        8.616345050977543,
        8.615301286103204,
        8.620953325880691,
        8.621526167029515,
        8.626790514914319,
        8.626735331956297,
        8.630586920073256,
        8.630318980896845,
        8.636657822877169,
        8.636440001893789
    ],
    "times_elapsed_model": [
        0,
        15.070762427058071,
        15.969408036209643,
        16.899225034052506,
        17.17342942696996,
        18.06411989312619,
        19.35867633903399,
        20.29037424782291,
        20.893026110017672,
        20.950309582985938,
        21.838342220988125,
        22.96846664813347,
        23.37095575593412,
        24.621389992069453,
        25.40977029898204,
        26.03825332596898,
        26.657180668087676,
        28.019767415942624,
        28.415356205077842,
        29.661013921024278,
        30.284719686955214
    ]
}