{
    "args": {
        "num_iterations": 20,
        "batch_size": 25,
        "random_seed": 44,
        "initially_labeled_samples": 25,
        "dataset": "trec6",
        "transformer_model_name": "bert-base-uncased",
        "exp_name": "baseline",
        "query_strategy": "Ent"
    },
    "train_accs": [
        0.24,
        0.1,
        0.16,
        0.46,
        0.712,
        0.5266666666666666,
        0.4685714285714286,
        0.64,
        0.49333333333333335,
        0.624,
        0.3927272727272727,
        0.6433333333333333,
        0.49230769230769234,
        0.5085714285714286,
        0.552,
        0.3925,
        0.6423529411764706,
        0.5533333333333333,
        0.5557894736842105,
        0.704,
        0.6228571428571429
    ],
    "test_accs": [
        0.19,
        0.16,
        0.08,
        0.254,
        0.348,
        0.36,
        0.318,
        0.574,
        0.404,
        0.578,
        0.398,
        0.536,
        0.388,
        0.392,
        0.506,
        0.428,
        0.53,
        0.58,
        0.652,
        0.602,
        0.568
    ],
    "times_elapsed_query_strategy": [
        0.5647024670615792,
        5.989763935096562,
        5.8989360861014575,
        5.8956650220789015,
        5.899968323996291,
        5.9067892278544605,
        5.910934841958806,
        5.913964929059148,
        5.918236291967332,
        5.926781547022983,
        5.929809289984405,
        5.926509422017261,
        5.928963580867276,
        5.927600585157052,
        5.926961201010272,
        5.928786379983649,
        5.933491016970947,
        5.927337448112667,
        5.934720960911363,
        5.933214194141328,
        5.935334901092574
    ],
    "times_elapsed_model": [
        0,
        12.155684483004734,
        13.244274771073833,
        16.623559976927936,
        17.21581761096604,
        18.00858158292249,
        18.64271622686647,
        19.242904188111424,
        20.355420225998387,
        21.457869478035718,
        22.29741766792722,
        23.055509572848678,
        23.719128656899557,
        24.386787155875936,
        25.550648184027523,
        25.94042117195204,
        26.705884099006653,
        27.3241737508215,
        28.39998304587789,
        29.342063911026344,
        29.752737989882007
    ]
}