{
    "args": {
        "num_iterations": 20,
        "batch_size": 25,
        "random_seed": 45,
        "initially_labeled_samples": 25,
        "dataset": "ag_news",
        "transformer_model_name": "bert-base-uncased",
        "exp_name": "baseline",
        "query_strategy": "Rand"
    },
    "train_accs": [
        0.8,
        0.68,
        0.8133333333333334,
        0.84,
        0.744,
        0.8733333333333333,
        0.7885714285714286,
        0.935,
        0.9111111111111111,
        0.868,
        0.9381818181818182,
        0.9033333333333333,
        0.9476923076923077,
        0.94,
        0.9413333333333334,
        0.945,
        0.96,
        0.9666666666666667,
        0.968421052631579,
        0.964,
        0.9714285714285714
    ],
    "test_accs": [
        0.4126315789473684,
        0.545,
        0.6435526315789474,
        0.5407894736842105,
        0.5946052631578947,
        0.6836842105263158,
        0.6811842105263158,
        0.78,
        0.8113157894736842,
        0.7781578947368422,
        0.8232894736842106,
        0.8319736842105263,
        0.8597368421052631,
        0.8521052631578947,
        0.8555263157894737,
        0.8603947368421052,
        0.8792105263157894,
        0.8711842105263158,
        0.8719736842105263,
        0.8759210526315789,
        0.883421052631579
    ],
    "times_elapsed_query_strategy": [
        8.104236576939002,
        0.002175477799028158,
        0.002167274011299014,
        0.002138148993253708,
        0.002137891948223114,
        0.0020956939551979303,
        0.002138816984370351,
        0.0021390370093286037,
        0.002185584045946598,
        0.002141835866495967,
        0.0021347380243241787,
        0.0021798359230160713,
        0.00216204603202641,
        0.002187388949096203,
        0.0020802090875804424,
        0.002115286886692047,
        0.0022106890100985765,
        0.002231480786576867,
        0.0019830288365483284,
        0.0020509669557213783,
        0.002142749959602952
    ],
    "times_elapsed_model": [
        0,
        14.221694849897176,
        15.918033062014729,
        16.511209857882932,
        17.820117091061547,
        18.3632556470111,
        18.98742947401479,
        20.57412706199102,
        21.118072439916432,
        21.081518775084987,
        22.124696725979447,
        23.184169015847147,
        24.029220178956166,
        24.625542314024642,
        25.399805126944557,
        26.27365687279962,
        26.918424675008282,
        28.266992824152112,
        28.531453278148547,
        29.8534068739973,
        30.8022716389969
    ]
}