{
    "args": {
        "num_iterations": 20,
        "batch_size": 25,
        "random_seed": 46,
        "initially_labeled_samples": 25,
        "dataset": "subj",
        "transformer_model_name": "bert-base-uncased",
        "exp_name": "baseline",
        "query_strategy": "Rand"
    },
    "train_accs": [
        0.96,
        0.94,
        0.96,
        0.99,
        0.952,
        0.9933333333333333,
        0.96,
        0.995,
        1.0,
        0.984,
        0.9854545454545455,
        0.99,
        0.9815384615384616,
        0.9942857142857143,
        0.9973333333333333,
        0.995,
        0.9858823529411764,
        0.9955555555555555,
        0.9873684210526316,
        0.986,
        0.9923809523809524
    ],
    "test_accs": [
        0.8655,
        0.754,
        0.897,
        0.8545,
        0.9075,
        0.8895,
        0.9005,
        0.9105,
        0.9265,
        0.932,
        0.9335,
        0.947,
        0.944,
        0.9465,
        0.939,
        0.938,
        0.9445,
        0.946,
        0.948,
        0.9465,
        0.947
    ],
    "times_elapsed_query_strategy": [
        2.16518096299842,
        0.0002621309831738472,
        0.0002547679468989372,
        0.00020397594198584557,
        0.00024246401153504848,
        0.00019290391355752945,
        0.0002796449698507786,
        0.0002883658744394779,
        0.0003035571426153183,
        0.0001894019078463316,
        0.00025534885935485363,
        0.0002640339080244303,
        0.000245948089286685,
        0.00022861710749566555,
        0.0002638839650899172,
        0.00027295202016830444,
        0.00024669989943504333,
        0.0002553081139922142,
        0.0002644399646669626,
        0.0002620639279484749,
        0.0002529940102249384
    ],
    "times_elapsed_model": [
        0,
        14.282493787119165,
        15.533660254906863,
        16.16218280699104,
        16.600123225944117,
        18.289244806859642,
        18.54018389293924,
        19.14561975398101,
        20.647618907038122,
        20.79160373006016,
        21.525501972064376,
        22.728353827027604,
        23.207735551986843,
        23.93442935310304,
        24.98461319692433,
        25.852929164888337,
        26.521133705042303,
        27.568753520958126,
        27.89302893402055,
        29.116778422147036,
        29.64180537313223
    ]
}