{
    "args": {
        "num_iterations": 20,
        "batch_size": 25,
        "random_seed": 43,
        "initially_labeled_samples": 25,
        "dataset": "rotten",
        "transformer_model_name": "bert-base-uncased",
        "exp_name": "baseline",
        "query_strategy": "Rand"
    },
    "train_accs": [
        0.96,
        0.6,
        0.8933333333333333,
        0.92,
        0.84,
        0.9066666666666666,
        0.9257142857142857,
        0.85,
        0.9244444444444444,
        0.968,
        0.9672727272727273,
        0.9766666666666667,
        0.963076923076923,
        0.9571428571428572,
        0.952,
        0.9575,
        0.9223529411764706,
        0.9488888888888889,
        0.9726315789473684,
        0.956,
        0.9638095238095238
    ],
    "test_accs": [
        0.5309568480300187,
        0.49906191369606,
        0.6238273921200751,
        0.626641651031895,
        0.6200750469043153,
        0.6200750469043153,
        0.6575984990619137,
        0.6041275797373359,
        0.7476547842401501,
        0.7373358348968105,
        0.7589118198874296,
        0.7504690431519699,
        0.7560975609756098,
        0.7861163227016885,
        0.775797373358349,
        0.7889305816135085,
        0.799249530956848,
        0.8180112570356473,
        0.8067542213883677,
        0.8123827392120075,
        0.7954971857410882
    ],
    "times_elapsed_query_strategy": [
        1.170386997051537,
        0.000276878010481596,
        0.0003022968303412199,
        0.0002845597919076681,
        0.00027632899582386017,
        0.00029554194770753384,
        0.00028819008730351925,
        0.00022177794016897678,
        0.0002409180160611868,
        0.00027840095572173595,
        0.0002362190280109644,
        0.0002771490253508091,
        0.0002925449516624212,
        0.0002876741345971823,
        0.0002717541065067053,
        0.0002826929558068514,
        0.00028572813607752323,
        0.0003217740450054407,
        0.0002994230017066002,
        0.00028025382198393345,
        0.0002963738515973091
    ],
    "times_elapsed_model": [
        0,
        12.213925312040374,
        16.022149845026433,
        16.50884983316064,
        17.30038161505945,
        18.111780295148492,
        18.670253128977492,
        19.522240579826757,
        20.478978791972622,
        21.35823087906465,
        22.10647884197533,
        22.887043063994497,
        23.449162191012874,
        24.325452773831785,
        25.392698704032227,
        26.159313985845074,
        26.630610832944512,
        27.817234029993415,
        28.659435885958374,
        29.700674255145714,
        30.05805442086421
    ]
}