{
    "args": {
        "num_iterations": 20,
        "batch_size": 25,
        "random_seed": 44,
        "initially_labeled_samples": 25,
        "dataset": "imdb",
        "transformer_model_name": "bert-base-uncased",
        "exp_name": "baseline",
        "query_strategy": "Ent"
    },
    "train_accs": [
        0.68,
        0.52,
        0.6533333333333333,
        0.73,
        0.696,
        0.94,
        0.7714285714285715,
        0.92,
        0.8533333333333334,
        0.584,
        0.9418181818181818,
        0.8466666666666667,
        0.9384615384615385,
        0.92,
        0.576,
        0.9,
        0.908235294117647,
        0.7888888888888889,
        0.9263157894736842,
        0.95,
        0.9047619047619048
    ],
    "test_accs": [
        0.50464,
        0.49996,
        0.5066,
        0.53456,
        0.59252,
        0.57644,
        0.56304,
        0.63868,
        0.63068,
        0.50184,
        0.66372,
        0.64424,
        0.6434,
        0.659,
        0.54176,
        0.74808,
        0.67036,
        0.59772,
        0.74172,
        0.73192,
        0.69664
    ],
    "times_elapsed_query_strategy": [
        26.620228840969503,
        27.21149243786931,
        27.362991881091148,
        27.414676981046796,
        27.44691296503879,
        27.567606035154313,
        27.450482068117708,
        27.568924287799746,
        27.444879997055978,
        27.5726966150105,
        27.466246956959367,
        27.442444656975567,
        27.446954566054046,
        27.451530436053872,
        27.57542292191647,
        27.47301764204167,
        27.580764908110723,
        27.47435776796192,
        27.584983540931717,
        27.475076088914648,
        27.47339714784175
    ],
    "times_elapsed_model": [
        0,
        12.06004466000013,
        13.050764796091244,
        14.6720553310588,
        17.012981980107725,
        18.206545738037676,
        18.685665749013424,
        19.56127613200806,
        20.881998472847044,
        16.984048728831112,
        22.046214988920838,
        23.61433369689621,
        23.50333655392751,
        24.217297741910443,
        19.75752898515202,
        26.09252964099869,
        26.815708317095414,
        28.232358425855637,
        28.875336857978255,
        29.83799181203358,
        30.68827779009007
    ]
}