{
    "args": {
        "num_iterations": 20,
        "batch_size": 25,
        "random_seed": 43,
        "initially_labeled_samples": 25,
        "dataset": "imdb",
        "transformer_model_name": "bert-base-uncased",
        "exp_name": "baseline",
        "query_strategy": "MM"
    },
    "train_accs": [
        0.72,
        0.76,
        0.72,
        0.8,
        0.92,
        0.9133333333333333,
        0.8971428571428571,
        0.9,
        0.9155555555555556,
        0.624,
        0.7090909090909091,
        0.88,
        0.9261538461538461,
        0.92,
        0.9173333333333333,
        0.9475,
        0.9458823529411765,
        0.94,
        0.8294736842105264,
        0.94,
        0.9523809523809523
    ],
    "test_accs": [
        0.49992,
        0.49692,
        0.49956,
        0.56844,
        0.55852,
        0.60044,
        0.57532,
        0.65444,
        0.6476,
        0.51008,
        0.57428,
        0.60348,
        0.64652,
        0.71236,
        0.7118,
        0.63528,
        0.71868,
        0.7158,
        0.6884,
        0.76552,
        0.72116
    ],
    "times_elapsed_query_strategy": [
        26.569178224075586,
        26.98836645297706,
        27.136458019027486,
        27.14732611598447,
        27.14605553005822,
        27.302257366012782,
        27.149408261058852,
        27.302904411917552,
        27.167827163124457,
        27.186630045063794,
        27.183812289964408,
        27.35510397097096,
        27.18404312687926,
        27.180459178052843,
        27.193895298056304,
        27.186130597023293,
        27.195743686053902,
        27.177214197115973,
        27.20384305808693,
        27.20794242992997,
        27.31753774592653
    ],
    "times_elapsed_model": [
        0,
        12.511782966088504,
        13.382694873027503,
        16.419962564948946,
        16.905147370882332,
        18.257559280842543,
        18.67163469782099,
        19.762468134984374,
        20.343814053107053,
        17.02068473910913,
        17.305293865967542,
        23.23806334286928,
        23.551064335973933,
        24.289731677854434,
        25.2153898908291,
        26.13379065087065,
        26.66562564508058,
        27.786734920926392,
        28.538885311223567,
        29.352032562019303,
        30.014781425939873
    ]
}