{
    "args": {
        "num_iterations": 20,
        "batch_size": 25,
        "random_seed": 45,
        "initially_labeled_samples": 25,
        "dataset": "trec6",
        "transformer_model_name": "bert-base-uncased",
        "exp_name": "baseline",
        "query_strategy": "MM"
    },
    "train_accs": [
        0.28,
        0.4,
        0.3466666666666667,
        0.16,
        0.184,
        0.22,
        0.2,
        0.3,
        0.6577777777777778,
        0.328,
        0.5854545454545454,
        0.21666666666666667,
        0.3476923076923077,
        0.6742857142857143,
        0.736,
        0.67,
        0.64,
        0.64,
        0.6652631578947369,
        0.68,
        0.7257142857142858
    ],
    "test_accs": [
        0.156,
        0.196,
        0.208,
        0.226,
        0.252,
        0.13,
        0.276,
        0.21,
        0.524,
        0.188,
        0.51,
        0.224,
        0.272,
        0.688,
        0.694,
        0.684,
        0.698,
        0.63,
        0.732,
        0.768,
        0.788
    ],
    "times_elapsed_query_strategy": [
        0.56258450797759,
        5.846347508952022,
        5.836095999926329,
        5.84297009697184,
        5.846274936106056,
        5.84800651203841,
        5.851169253932312,
        5.851794656831771,
        5.852105889935046,
        5.853767265798524,
        5.856769070029259,
        5.862240131944418,
        5.8612831071950495,
        5.860405395971611,
        5.863665959099308,
        5.865016387077048,
        5.871320727979764,
        5.872418907936662,
        5.874118051957339,
        5.874198236037046,
        5.954727673903108
    ],
    "times_elapsed_model": [
        0,
        14.546488002873957,
        13.15486490004696,
        13.552182752871886,
        13.962043636012822,
        14.709903392009437,
        15.330710960784927,
        15.92534477612935,
        20.3947685000021,
        16.688299113884568,
        21.55473898886703,
        22.579128819983453,
        19.958143283147365,
        24.29609494493343,
        25.114489486906677,
        25.774870928144082,
        26.438984862994403,
        27.541690374957398,
        28.183355550980195,
        29.4352643948514,
        29.796174530871212
    ]
}