{
    "args": {
        "num_iterations": 20,
        "batch_size": 25,
        "random_seed": 43,
        "initially_labeled_samples": 25,
        "dataset": "ag_news",
        "transformer_model_name": "bert-base-uncased",
        "exp_name": "baseline",
        "query_strategy": "MM"
    },
    "train_accs": [
        0.52,
        0.76,
        0.68,
        0.88,
        0.816,
        0.6933333333333334,
        0.7828571428571428,
        0.895,
        0.7377777777777778,
        0.904,
        0.9018181818181819,
        0.8733333333333333,
        0.9323076923076923,
        0.8971428571428571,
        0.8586666666666667,
        0.8525,
        0.9105882352941177,
        0.8488888888888889,
        0.6905263157894737,
        0.87,
        0.8114285714285714
    ],
    "test_accs": [
        0.40342105263157896,
        0.40092105263157896,
        0.5419736842105263,
        0.6934210526315789,
        0.6776315789473685,
        0.5855263157894737,
        0.6561842105263158,
        0.7405263157894737,
        0.6677631578947368,
        0.7698684210526315,
        0.8188157894736842,
        0.8103947368421053,
        0.8438157894736842,
        0.8386842105263158,
        0.8305263157894737,
        0.8305263157894737,
        0.8547368421052631,
        0.8263157894736842,
        0.7335526315789473,
        0.8544736842105263,
        0.8515789473684211
    ],
    "times_elapsed_query_strategy": [
        8.09199201897718,
        130.49719558097422,
        130.9141002460383,
        130.7249734189827,
        130.90126752411015,
        130.94700212893076,
        130.9568379612174,
        131.02000705199316,
        130.76408309792168,
        131.02048283722252,
        130.9689828217961,
        130.9352528830059,
        130.88190924515948,
        130.66077250312082,
        130.927074783016,
        130.91724844113924,
        130.9887173708994,
        130.73878265800886,
        130.9743920788169,
        130.9183239431586,
        130.94682391104288
    ],
    "times_elapsed_model": [
        0,
        14.61083608190529,
        16.261107875034213,
        16.63173005497083,
        17.102573436917737,
        18.478357552085072,
        18.857783500105143,
        20.06449690205045,
        20.934788782848045,
        21.301251142984256,
        22.200457363156602,
        23.253892429871485,
        23.999249407090247,
        25.146123354090378,
        25.62853838619776,
        26.65432130219415,
        26.696276624919847,
        28.419455100083724,
        29.229914053110406,
        29.95913836802356,
        30.127993440954015
    ]
}