{
    "args": {
        "num_iterations": 20,
        "batch_size": 25,
        "random_seed": 43,
        "initially_labeled_samples": 25,
        "dataset": "ag_news",
        "transformer_model_name": "bert-base-uncased",
        "exp_name": "baseline",
        "query_strategy": "LC"
    },
    "train_accs": [
        0.52,
        0.5,
        0.5466666666666666,
        0.93,
        0.728,
        0.43333333333333335,
        0.72,
        0.76,
        0.8177777777777778,
        0.832,
        0.9090909090909091,
        0.91,
        0.8984615384615384,
        0.8742857142857143,
        0.8266666666666667,
        0.83,
        0.908235294117647,
        0.94,
        0.871578947368421,
        0.878,
        0.8838095238095238
    ],
    "test_accs": [
        0.40342105263157896,
        0.3285526315789474,
        0.5072368421052632,
        0.7082894736842106,
        0.603421052631579,
        0.43592105263157893,
        0.5843421052631579,
        0.6009210526315789,
        0.6894736842105263,
        0.7235526315789473,
        0.8023684210526316,
        0.7694736842105263,
        0.8119736842105263,
        0.7728947368421053,
        0.7346052631578948,
        0.7922368421052631,
        0.8407894736842105,
        0.8372368421052632,
        0.7830263157894737,
        0.8468421052631578,
        0.8443421052631579
    ],
    "times_elapsed_query_strategy": [
        8.098941997857764,
        130.2480083310511,
        130.67383469687775,
        130.51264349091798,
        130.7471400089562,
        130.71974839107133,
        130.7562328618951,
        130.7881103658583,
        130.54709119489416,
        130.7659669399727,
        130.73778213979676,
        130.82285417220555,
        130.89790167915635,
        130.63626123801805,
        130.82724422914907,
        130.8715489548631,
        130.9431927590631,
        130.67000932688825,
        130.94540937501006,
        130.83623234694824,
        130.83347911410965
    ],
    "times_elapsed_model": [
        0,
        14.341939644888043,
        15.9549091309309,
        16.7070880739484,
        17.08201539516449,
        18.278081088792533,
        19.456200633198023,
        19.672517698956653,
        20.673186941072345,
        21.842579430202022,
        21.86454536113888,
        23.153012527851388,
        23.611598756862804,
        24.732905639102682,
        25.391023691976443,
        26.082742802100256,
        26.796139328973368,
        27.945421378826723,
        28.49111517285928,
        30.00620464188978,
        30.33931231708266
    ]
}