{
    "args": {
        "num_iterations": 20,
        "batch_size": 25,
        "random_seed": 45,
        "initially_labeled_samples": 25,
        "dataset": "imdb",
        "transformer_model_name": "bert-base-uncased",
        "exp_name": "baseline",
        "query_strategy": "Ent"
    },
    "train_accs": [
        0.84,
        0.6,
        0.76,
        0.93,
        0.936,
        0.92,
        0.9314285714285714,
        0.905,
        0.9066666666666666,
        0.852,
        0.8727272727272727,
        0.9033333333333333,
        0.9261538461538461,
        0.8657142857142858,
        0.8906666666666667,
        0.935,
        0.9152941176470588,
        0.9533333333333334,
        0.9578947368421052,
        0.908,
        0.9238095238095239
    ],
    "test_accs": [
        0.50856,
        0.50168,
        0.5498,
        0.58536,
        0.59096,
        0.59844,
        0.62916,
        0.62616,
        0.6188,
        0.64252,
        0.61824,
        0.68488,
        0.65768,
        0.70704,
        0.6854,
        0.71684,
        0.70908,
        0.69368,
        0.74216,
        0.75212,
        0.75804
    ],
    "times_elapsed_query_strategy": [
        26.61511505395174,
        27.232620642054826,
        27.357055079890415,
        27.39781419094652,
        27.421197813004255,
        27.542555729858577,
        27.45660901395604,
        27.58223095908761,
        27.452204382047057,
        27.548357602907345,
        27.43631008011289,
        27.448014344088733,
        27.44408572721295,
        27.461963263107464,
        27.5922469929792,
        27.473717672051862,
        27.60311295115389,
        27.47018874483183,
        27.62017294811085,
        27.47295569605194,
        27.618983424035832
    ],
    "times_elapsed_model": [
        0,
        14.555051083210856,
        15.789849005872384,
        16.67767307604663,
        16.93681550095789,
        17.93486167001538,
        18.678349115187302,
        19.3143693509046,
        20.32568293507211,
        20.981690041953698,
        21.764798923162743,
        22.865930726984516,
        23.55098883411847,
        24.22613436100073,
        25.27024618186988,
        25.925839263014495,
        26.45445268601179,
        27.393648348981515,
        28.18671949300915,
        29.45393103803508,
        30.01521490304731
    ]
}