{
    "args": {
        "num_iterations": 20,
        "batch_size": 25,
        "random_seed": 46,
        "initially_labeled_samples": 25,
        "dataset": "trec6",
        "transformer_model_name": "bert-base-uncased",
        "exp_name": "baseline",
        "query_strategy": "LC"
    },
    "train_accs": [
        0.48,
        0.38,
        0.18666666666666668,
        0.29,
        0.28,
        0.16666666666666666,
        0.2342857142857143,
        0.235,
        0.2222222222222222,
        0.268,
        0.22545454545454546,
        0.45,
        0.20307692307692307,
        0.19428571428571428,
        0.288,
        0.6775,
        0.6494117647058824,
        0.8311111111111111,
        0.7389473684210527,
        0.736,
        0.6666666666666666
    ],
    "test_accs": [
        0.218,
        0.156,
        0.186,
        0.226,
        0.164,
        0.274,
        0.19,
        0.244,
        0.256,
        0.236,
        0.198,
        0.302,
        0.354,
        0.228,
        0.284,
        0.476,
        0.446,
        0.724,
        0.766,
        0.644,
        0.712
    ],
    "times_elapsed_query_strategy": [
        0.5622724369168282,
        5.8396733449772,
        5.834644723916426,
        5.833794870181009,
        5.836544962832704,
        5.836928764823824,
        5.842137764906511,
        5.845046808943152,
        5.846714111045003,
        5.848840138176456,
        5.855620153946802,
        5.857929850928485,
        5.8571395189501345,
        5.856893222080544,
        5.859522787854075,
        5.862147406907752,
        5.862938798964024,
        5.866016685031354,
        5.870187432970852,
        5.869233648991212,
        5.872987068025395
    ],
    "times_elapsed_model": [
        0,
        14.364999298006296,
        13.15438760817051,
        13.63213370111771,
        13.972637597005814,
        14.439677424030378,
        15.114639374194667,
        15.684306096984074,
        20.357076772022992,
        16.84835007507354,
        17.48983766278252,
        19.378897168207914,
        19.984576710965484,
        18.900235675042495,
        23.121650165878236,
        25.728026175173,
        26.41806925390847,
        27.609081281116232,
        28.145017436007038,
        29.32355045597069,
        29.857769935857505
    ]
}