{
    "args": {
        "num_iterations": 20,
        "batch_size": 25,
        "random_seed": 42,
        "initially_labeled_samples": 25,
        "dataset": "subj",
        "transformer_model_name": "bert-base-uncased",
        "exp_name": "baseline",
        "query_strategy": "MM"
    },
    "train_accs": [
        1.0,
        0.98,
        0.96,
        0.97,
        0.968,
        0.96,
        0.9828571428571429,
        0.975,
        0.9555555555555556,
        0.956,
        0.8836363636363637,
        0.97,
        0.96,
        0.96,
        0.968,
        0.97,
        0.9670588235294117,
        0.9688888888888889,
        0.9747368421052631,
        0.968,
        0.9580952380952381
    ],
    "test_accs": [
        0.8675,
        0.885,
        0.8565,
        0.8795,
        0.927,
        0.9365,
        0.9275,
        0.9275,
        0.9225,
        0.9245,
        0.916,
        0.954,
        0.951,
        0.9445,
        0.949,
        0.9505,
        0.952,
        0.9525,
        0.9525,
        0.946,
        0.9555
    ],
    "times_elapsed_query_strategy": [
        2.159341237973422,
        8.576169593958184,
        8.596996824024245,
        8.609094099141657,
        8.613146174000576,
        8.617870474001393,
        8.621532171964645,
        8.62156004505232,
        8.62378418003209,
        8.626380522036925,
        8.629481676965952,
        8.6304084751755,
        8.63369310903363,
        8.64050699584186,
        8.639372559962794,
        8.643207983113825,
        8.641546311089769,
        8.654206898063421,
        8.654429469024763,
        8.656747323926538,
        8.660244941012934
    ],
    "times_elapsed_model": [
        0,
        14.594467015005648,
        15.841571628814563,
        16.508691797964275,
        17.138659588992596,
        18.25314407609403,
        19.09779260191135,
        19.560027078026906,
        20.20261996309273,
        21.388925379142165,
        22.087536887964234,
        23.04432547907345,
        23.71715108398348,
        24.27644421113655,
        25.255012546898797,
        26.088232999900356,
        26.72823379584588,
        27.77896212018095,
        28.588125893147662,
        29.535181957064196,
        30.15662992396392
    ]
}