{
    "args": {
        "num_iterations": 50,
        "batch_size": 20,
        "random_seed": 42,
        "initially_labeled_samples": 25,
        "dataset": "trec6",
        "transformer_model_name": "bert-base-uncased",
        "exp_name": "dev"
    },
    "train_accs": [
        0.2222222222222222,
        0.13846153846153847,
        0.4235294117647059,
        0.5904761904761905,
        0.208,
        0.3103448275862069,
        0.44242424242424244,
        0.4972972972972973,
        0.47804878048780486,
        0.47555555555555556,
        0.5836734693877551,
        0.21509433962264152,
        0.5894736842105263,
        0.5573770491803278,
        0.6061538461538462,
        0.5797101449275363,
        0.3589041095890411,
        0.5844155844155844,
        0.35802469135802467,
        0.3764705882352941,
        0.6179775280898876,
        0.6344086021505376,
        0.4845360824742268,
        0.6851485148514852,
        0.5904761904761905,
        0.363302752293578,
        0.7221238938053097,
        0.5555555555555556,
        0.6611570247933884,
        0.6064,
        0.517829457364341,
        0.512781954887218,
        0.5416058394160584,
        0.6652482269503546,
        0.5158620689655172,
        0.7114093959731543,
        0.526797385620915,
        0.5808917197452229,
        0.3552795031055901,
        0.7442424242424243,
        0.7727810650887574,
        0.608092485549133,
        0.6745762711864407,
        0.5646408839779006,
        0.6302702702702703,
        0.6529100529100529,
        0.6383419689119171,
        0.7055837563451777,
        0.8646766169154229,
        0.5414634146341464
    ],
    "test_accs": [
        0.09,
        0.094,
        0.256,
        0.154,
        0.104,
        0.276,
        0.266,
        0.32,
        0.436,
        0.3,
        0.478,
        0.224,
        0.402,
        0.396,
        0.65,
        0.458,
        0.472,
        0.572,
        0.548,
        0.462,
        0.668,
        0.676,
        0.6,
        0.672,
        0.72,
        0.338,
        0.764,
        0.676,
        0.67,
        0.704,
        0.756,
        0.696,
        0.738,
        0.792,
        0.766,
        0.674,
        0.746,
        0.688,
        0.542,
        0.822,
        0.862,
        0.79,
        0.806,
        0.768,
        0.826,
        0.81,
        0.824,
        0.83,
        0.918,
        0.778
    ],
    "times_elapsed": [
        10.969085016055033,
        7.210814422927797,
        6.8918537511490285,
        5.901663098018616,
        5.982132795033976,
        12.608652908122167,
        12.624626062111929,
        12.65420375391841,
        5.884047727799043,
        5.876930576050654,
        5.868639029795304,
        5.863401379901916,
        5.8593806847929955,
        6.807595846941695,
        11.949964117957279,
        7.379307540832087,
        5.879667733097449,
        6.919171527028084,
        11.744846207089722,
        7.477129540871829,
        5.86784290894866,
        5.867871653987095,
        5.863415107829496,
        5.860054863849655,
        5.858395118033513,
        5.882635429035872,
        5.8728987029753625,
        7.021122980164364,
        5.875171510037035,
        12.608193954918534,
        5.96275020390749,
        5.880345749901608,
        5.879767962032929,
        6.754011596087366,
        6.5248480080626905,
        11.346179076004773,
        10.757333621848375,
        5.885335429105908,
        5.882284879917279,
        5.889779937919229,
        5.892299119848758,
        7.25196860707365,
        5.91118536493741,
        5.890348372980952,
        5.887059578904882,
        5.887359709944576,
        5.962288236012682,
        5.89134205901064,
        5.893557240953669,
        5.899467452196404
    ]
}