{
    "args": {
        "num_iterations": 20,
        "batch_size": 25,
        "random_seed": 43,
        "initially_labeled_samples": 25,
        "dataset": "trec6",
        "transformer_model_name": "bert-base-uncased",
        "exp_name": "baseline",
        "query_strategy": "Rand"
    },
    "train_accs": [
        0.4,
        0.36,
        0.14666666666666667,
        0.2,
        0.112,
        0.42,
        0.5657142857142857,
        0.385,
        0.49777777777777776,
        0.656,
        0.5309090909090909,
        0.5233333333333333,
        0.6923076923076923,
        0.7428571428571429,
        0.6613333333333333,
        0.55,
        0.7058823529411765,
        0.7955555555555556,
        0.8042105263157895,
        0.81,
        0.7885714285714286
    ],
    "test_accs": [
        0.134,
        0.304,
        0.278,
        0.272,
        0.058,
        0.334,
        0.5,
        0.366,
        0.46,
        0.468,
        0.41,
        0.506,
        0.702,
        0.61,
        0.482,
        0.502,
        0.738,
        0.806,
        0.764,
        0.814,
        0.774
    ],
    "times_elapsed_query_strategy": [
        0.5624732431024313,
        0.0002105790190398693,
        0.0002471699845045805,
        0.0002377650234848261,
        0.0002578368876129389,
        0.0002493639476597309,
        0.00024184701032936573,
        0.0002328469417989254,
        0.00020113913342356682,
        0.00020526302978396416,
        0.0002512810751795769,
        0.0002510028425604105,
        0.00024090707302093506,
        0.0002465199213474989,
        0.0002476091030985117,
        0.0002434940543025732,
        0.00020079896785318851,
        0.0002443070989102125,
        0.0002449739258736372,
        0.00023676501587033272,
        0.00024172593839466572
    ],
    "times_elapsed_model": [
        0,
        14.889227382140234,
        13.269720976008102,
        13.463268201099709,
        14.343541852198541,
        15.100959672126919,
        18.72837165207602,
        19.326069295872003,
        20.212157911155373,
        20.98371059796773,
        21.789645354030654,
        22.891928697936237,
        23.725187466014177,
        24.073342456948012,
        25.164409104036167,
        25.90869077295065,
        26.319482421968132,
        28.38012360292487,
        28.496275736019015,
        29.803822743007913,
        29.781942116096616
    ]
}