{
    "args": {
        "num_iterations": 20,
        "batch_size": 25,
        "random_seed": 42,
        "initially_labeled_samples": 25,
        "dataset": "trec6",
        "transformer_model_name": "bert-base-uncased",
        "exp_name": "baseline",
        "query_strategy": "LC"
    },
    "train_accs": [
        0.28,
        0.66,
        0.013333333333333334,
        0.65,
        0.264,
        0.5066666666666667,
        0.3028571428571429,
        0.555,
        0.5288888888888889,
        0.524,
        0.27636363636363637,
        0.24333333333333335,
        0.4553846153846154,
        0.26,
        0.2986666666666667,
        0.4525,
        0.49176470588235294,
        0.44666666666666666,
        0.49473684210526314,
        0.556,
        0.23238095238095238
    ],
    "test_accs": [
        0.24,
        0.25,
        0.02,
        0.298,
        0.198,
        0.558,
        0.282,
        0.364,
        0.448,
        0.452,
        0.366,
        0.404,
        0.526,
        0.356,
        0.384,
        0.428,
        0.59,
        0.546,
        0.486,
        0.702,
        0.286
    ],
    "times_elapsed_query_strategy": [
        0.5537167030852288,
        5.751811288064346,
        5.782488402910531,
        5.811612639110535,
        5.820737869013101,
        5.82621554704383,
        5.8288553229067475,
        5.8312458351720124,
        5.840863663004711,
        5.845976701937616,
        5.846282142912969,
        5.84612791496329,
        5.853926650015637,
        5.853889492107555,
        5.858273515012115,
        5.858696770854294,
        5.860718037001789,
        5.858772095059976,
        5.863968048011884,
        5.873877209145576,
        5.9373945880215615
    ],
    "times_elapsed_model": [
        0,
        14.25705020618625,
        12.991180785000324,
        16.327465496957302,
        13.762801870005205,
        17.86739565199241,
        18.37187370704487,
        19.843803233932704,
        19.952463259920478,
        21.091765529941767,
        21.791444946080446,
        22.54310766211711,
        23.268387144897133,
        24.431324186967686,
        25.68654735200107,
        26.089585456997156,
        26.829150530975312,
        27.21727821510285,
        27.850234964862466,
        29.166302839992568,
        29.704269152134657
    ]
}