{
    "args": {
        "num_iterations": 20,
        "batch_size": 25,
        "random_seed": 43,
        "initially_labeled_samples": 25,
        "dataset": "trec6",
        "transformer_model_name": "bert-base-uncased",
        "exp_name": "baseline",
        "query_strategy": "MM"
    },
    "train_accs": [
        0.4,
        0.28,
        0.26666666666666666,
        0.42,
        0.224,
        0.5133333333333333,
        0.29714285714285715,
        0.395,
        0.4622222222222222,
        0.76,
        0.49818181818181817,
        0.30333333333333334,
        0.6615384615384615,
        0.35714285714285715,
        0.4613333333333333,
        0.72,
        0.7105882352941176,
        0.7422222222222222,
        0.5052631578947369,
        0.806,
        0.7352380952380952
    ],
    "test_accs": [
        0.134,
        0.134,
        0.122,
        0.338,
        0.12,
        0.334,
        0.234,
        0.358,
        0.372,
        0.524,
        0.416,
        0.322,
        0.716,
        0.172,
        0.488,
        0.67,
        0.708,
        0.588,
        0.524,
        0.834,
        0.794
    ],
    "times_elapsed_query_strategy": [
        0.5628014761023223,
        5.851258079987019,
        5.851309838006273,
        5.847394930897281,
        5.8477775829378515,
        5.852491513127461,
        5.85536543908529,
        5.853897406952456,
        5.86005769809708,
        5.8586489339359105,
        5.868682238040492,
        5.866609519114718,
        5.868831438012421,
        5.870299615897238,
        5.938528088154271,
        5.8712887349538505,
        5.868581522023305,
        5.8691920870915055,
        5.870869288919494,
        5.878805279033259,
        5.877935691038147
    ],
    "times_elapsed_model": [
        0,
        14.382642467040569,
        14.06147094303742,
        16.172155339969322,
        13.69450369104743,
        17.77195239602588,
        14.967077969806269,
        17.02680975710973,
        20.086303192190826,
        20.770410834113136,
        21.727037564851344,
        22.559839925030246,
        23.26863284292631,
        23.94233584101312,
        24.970497695961967,
        25.996639617951587,
        26.654684510082006,
        27.436106021981686,
        28.208263319917023,
        29.13772787200287,
        29.87429873389192
    ]
}