{
    "args": {
        "num_iterations": 20,
        "batch_size": 25,
        "random_seed": 44,
        "initially_labeled_samples": 25,
        "dataset": "ag_news",
        "transformer_model_name": "bert-base-uncased",
        "exp_name": "baseline",
        "query_strategy": "MM"
    },
    "train_accs": [
        0.8,
        0.86,
        0.8666666666666667,
        0.83,
        0.76,
        0.9266666666666666,
        0.7257142857142858,
        0.875,
        0.9333333333333333,
        0.668,
        0.9090909090909091,
        0.8433333333333334,
        0.6492307692307693,
        0.56,
        0.9066666666666666,
        0.865,
        0.9176470588235294,
        0.8377777777777777,
        0.8947368421052632,
        0.896,
        0.8133333333333334
    ],
    "test_accs": [
        0.5425,
        0.5410526315789473,
        0.666578947368421,
        0.6176315789473684,
        0.6005263157894737,
        0.7767105263157895,
        0.6707894736842105,
        0.7338157894736842,
        0.8323684210526315,
        0.7069736842105263,
        0.8397368421052631,
        0.8311842105263157,
        0.7105263157894737,
        0.7015789473684211,
        0.8194736842105264,
        0.8373684210526315,
        0.8563157894736843,
        0.8498684210526316,
        0.8607894736842105,
        0.8467105263157895,
        0.8596052631578948
    ],
    "times_elapsed_query_strategy": [
        8.096008893102407,
        130.40641967905685,
        130.7907931280788,
        130.65802604192868,
        130.84394024405628,
        130.877583327936,
        130.88395557599142,
        130.79519998910837,
        130.57593252602965,
        130.7966654729098,
        130.83339268900454,
        130.8355883518234,
        130.88816286390647,
        130.6171916059684,
        130.84065221622586,
        130.8068260140717,
        130.8117746990174,
        130.63509360491298,
        130.77747645694762,
        130.85073635494336,
        130.8136575098615
    ],
    "times_elapsed_model": [
        0,
        14.803502429043874,
        16.033057619817555,
        16.494503349997103,
        17.336448887130246,
        18.717532366048545,
        18.935301227960736,
        20.115147907985374,
        21.18988402490504,
        21.178481376031414,
        22.102255268022418,
        23.584662082139403,
        24.020136788953096,
        25.07411350798793,
        26.13762591010891,
        26.766025700140744,
        26.711443769047037,
        28.265919416910037,
        28.592845760053024,
        30.1066991800908,
        30.866313352948055
    ]
}