{
    "args": {
        "num_iterations": 20,
        "batch_size": 25,
        "random_seed": 42,
        "initially_labeled_samples": 25,
        "dataset": "imdb",
        "transformer_model_name": "bert-base-uncased",
        "exp_name": "baseline",
        "query_strategy": "MM"
    },
    "train_accs": [
        0.48,
        0.72,
        0.8533333333333334,
        0.54,
        0.92,
        0.6333333333333333,
        0.8457142857142858,
        0.91,
        0.9644444444444444,
        0.956,
        0.9127272727272727,
        0.7466666666666667,
        0.8707692307692307,
        0.9285714285714286,
        0.9306666666666666,
        0.82,
        0.9341176470588235,
        0.92,
        0.8442105263157895,
        0.942,
        0.9104761904761904
    ],
    "test_accs": [
        0.50084,
        0.52548,
        0.53236,
        0.50824,
        0.60872,
        0.5216,
        0.5568,
        0.58464,
        0.653,
        0.63416,
        0.63392,
        0.58524,
        0.60732,
        0.67064,
        0.65776,
        0.60552,
        0.6864,
        0.66228,
        0.68192,
        0.6748,
        0.74896
    ],
    "times_elapsed_query_strategy": [
        26.590831364970654,
        27.024256167002022,
        27.165538885863498,
        27.200296194991097,
        27.24111294792965,
        27.37308964203112,
        27.240342119941488,
        27.36823863699101,
        27.24318173690699,
        27.359991224016994,
        27.224877458065748,
        27.359390788013116,
        27.255436741979793,
        27.22843085695058,
        27.22360697388649,
        27.227177374996245,
        27.224267112091184,
        27.215878736926243,
        27.224259321112186,
        27.249346710043028,
        27.378470883937553
    ],
    "times_elapsed_model": [
        0,
        12.295658960007131,
        16.113157486077398,
        13.65727373212576,
        17.377858955180272,
        14.956848977133632,
        18.821126535069197,
        19.820851706899703,
        20.53652681899257,
        21.178129673935473,
        21.773074478143826,
        19.82396331196651,
        24.24499507411383,
        24.66731388005428,
        25.535752449883148,
        26.180060496088117,
        26.728478372097015,
        27.989111233968288,
        28.589465361088514,
        29.6285903560929,
        30.20733196497895
    ]
}