{
    "args": {
        "num_iterations": 20,
        "batch_size": 25,
        "random_seed": 46,
        "initially_labeled_samples": 25,
        "dataset": "ag_news",
        "transformer_model_name": "bert-base-uncased",
        "exp_name": "baseline",
        "query_strategy": "Ent"
    },
    "train_accs": [
        0.52,
        0.6,
        0.8133333333333334,
        0.58,
        0.648,
        0.3933333333333333,
        0.52,
        0.525,
        0.8533333333333334,
        0.824,
        0.5963636363636363,
        0.33666666666666667,
        0.29846153846153844,
        0.4057142857142857,
        0.76,
        0.6225,
        0.3623529411764706,
        0.27555555555555555,
        0.28210526315789475,
        0.368,
        0.26666666666666666
    ],
    "test_accs": [
        0.3488157894736842,
        0.38052631578947366,
        0.43934210526315787,
        0.49,
        0.4328947368421053,
        0.5661842105263157,
        0.6436842105263157,
        0.6230263157894737,
        0.7342105263157894,
        0.7094736842105264,
        0.6107894736842105,
        0.6636842105263158,
        0.6646052631578947,
        0.6317105263157895,
        0.765,
        0.7343421052631579,
        0.6494736842105263,
        0.6710526315789473,
        0.6502631578947369,
        0.6905263157894737,
        0.6834210526315789
    ],
    "times_elapsed_query_strategy": [
        8.100991867948323,
        131.58757737488486,
        131.94194809999317,
        131.79928111098707,
        132.05889828689396,
        132.09775385796092,
        132.12409592512995,
        132.1284717512317,
        131.9120800839737,
        132.13957059802487,
        132.1813889851328,
        132.19241065788083,
        132.15959830698557,
        131.90546773490496,
        132.14573895488866,
        132.12145240209065,
        132.16648350888863,
        131.95481189293787,
        132.18619622290134,
        132.12224812898785,
        132.15686420188285
    ],
    "times_elapsed_model": [
        0,
        15.172877576900646,
        16.320732538821176,
        16.744363514939323,
        17.5545962380711,
        19.008891770849004,
        19.5516249879729,
        20.28165174694732,
        21.6659917649813,
        21.57261538482271,
        22.508209021994844,
        23.59281658800319,
        24.054178329883143,
        25.13839327986352,
        25.593604194931686,
        26.483786036027595,
        27.120527271879837,
        28.281787710031494,
        29.623065260937437,
        30.67163744708523,
        30.94421022408642
    ]
}