{
    "args": {
        "num_iterations": 20,
        "batch_size": 25,
        "random_seed": 46,
        "initially_labeled_samples": 25,
        "dataset": "ag_news",
        "transformer_model_name": "bert-base-uncased",
        "exp_name": "baseline",
        "query_strategy": "LC"
    },
    "train_accs": [
        0.52,
        0.62,
        0.84,
        0.42,
        0.328,
        0.46,
        0.3942857142857143,
        0.765,
        0.4622222222222222,
        0.66,
        0.34545454545454546,
        0.31333333333333335,
        0.6307692307692307,
        0.29428571428571426,
        0.3973333333333333,
        0.2725,
        0.3835294117647059,
        0.26666666666666666,
        0.631578947368421,
        0.418,
        0.2742857142857143
    ],
    "test_accs": [
        0.3488157894736842,
        0.40671052631578947,
        0.3781578947368421,
        0.3838157894736842,
        0.4255263157894737,
        0.6309210526315789,
        0.5777631578947369,
        0.6438157894736842,
        0.6028947368421053,
        0.7015789473684211,
        0.6246052631578948,
        0.6243421052631579,
        0.6647368421052632,
        0.6422368421052631,
        0.6593421052631578,
        0.6622368421052631,
        0.6051315789473685,
        0.6793421052631579,
        0.7192105263157895,
        0.6786842105263158,
        0.689078947368421
    ],
    "times_elapsed_query_strategy": [
        8.104575641220436,
        130.4017595599871,
        130.81419394700788,
        130.70110129192472,
        130.9262012639083,
        130.91856312891468,
        130.87593029486015,
        130.89110210095532,
        130.670789697906,
        130.892177027883,
        130.91890923096798,
        130.89790083188564,
        130.9392122561112,
        130.71697105001658,
        130.86839587497525,
        130.91482162405737,
        130.94734180998057,
        130.98079968593083,
        130.6988083019387,
        130.75059254514053,
        131.05050289002247
    ],
    "times_elapsed_model": [
        0,
        14.588213733164594,
        16.14401692012325,
        14.454186734976247,
        17.537705938098952,
        18.441829671151936,
        19.14920630096458,
        19.51360028400086,
        20.853303695097566,
        21.442585106007755,
        22.232229736167938,
        23.393432184122503,
        23.762360436841846,
        24.609403508948162,
        25.221017780946568,
        25.935116180917248,
        27.04618477798067,
        28.078686843859032,
        28.682257853914052,
        29.906041990034282,
        30.466336193028837
    ]
}