{
    "args": {
        "num_iterations": 20,
        "batch_size": 25,
        "random_seed": 45,
        "initially_labeled_samples": 25,
        "dataset": "imdb",
        "transformer_model_name": "bert-base-uncased",
        "exp_name": "baseline",
        "query_strategy": "Rand"
    },
    "train_accs": [
        0.84,
        0.9,
        0.84,
        0.95,
        0.944,
        0.8933333333333333,
        0.9371428571428572,
        0.915,
        0.9422222222222222,
        0.944,
        0.9236363636363636,
        0.9466666666666667,
        0.9076923076923077,
        0.9171428571428571,
        0.96,
        0.9325,
        0.9482352941176471,
        0.9355555555555556,
        0.9410526315789474,
        0.914,
        0.8723809523809524
    ],
    "test_accs": [
        0.50856,
        0.54628,
        0.53804,
        0.60036,
        0.65548,
        0.589,
        0.60496,
        0.63448,
        0.6526,
        0.6414,
        0.6372,
        0.6876,
        0.69288,
        0.69488,
        0.68264,
        0.70904,
        0.71104,
        0.75688,
        0.7042,
        0.72096,
        0.68124
    ],
    "times_elapsed_query_strategy": [
        26.598632369888946,
        0.0005361298099160194,
        0.0005047500599175692,
        0.00043087312951684,
        0.0004973087925463915,
        0.0005044101271778345,
        0.0005124078597873449,
        0.000577916856855154,
        0.0005191520322114229,
        0.0004590209573507309,
        0.0005226191133260727,
        0.0005141019355505705,
        0.0005093330983072519,
        0.0005102271679788828,
        0.0005082690622657537,
        0.0005173790268599987,
        0.0005224230699241161,
        0.0005187368951737881,
        0.0005092190112918615,
        0.0004432150162756443,
        0.0005390318110585213
    ],
    "times_elapsed_model": [
        0,
        14.393725648056716,
        15.791785548906773,
        16.159636437194422,
        16.797712764004245,
        18.291447191033512,
        18.974265843862668,
        19.716962198959664,
        21.15911130211316,
        21.67871322692372,
        22.433283891063184,
        23.294625845039263,
        23.879826546180993,
        24.573522290214896,
        25.48823830811307,
        26.29612910700962,
        27.371195960091427,
        28.11089044599794,
        28.692742760060355,
        30.427216393174604,
        30.545673955930397
    ]
}