{
    "args": {
        "num_iterations": 20,
        "batch_size": 25,
        "random_seed": 42,
        "initially_labeled_samples": 25,
        "dataset": "rotten",
        "transformer_model_name": "bert-base-uncased",
        "exp_name": "baseline",
        "query_strategy": "Rand"
    },
    "train_accs": [
        0.56,
        0.98,
        0.9466666666666667,
        0.89,
        0.92,
        0.96,
        0.92,
        0.94,
        0.9288888888888889,
        0.956,
        0.9345454545454546,
        0.96,
        0.9507692307692308,
        0.9542857142857143,
        0.9573333333333334,
        0.9725,
        0.9341176470588235,
        0.9266666666666666,
        0.9578947368421052,
        0.964,
        0.9466666666666667
    ],
    "test_accs": [
        0.5046904315196998,
        0.5909943714821764,
        0.6031894934333959,
        0.6454033771106942,
        0.6332082551594747,
        0.7195121951219512,
        0.6707317073170732,
        0.7560975609756098,
        0.7560975609756098,
        0.776735459662289,
        0.776735459662289,
        0.8048780487804879,
        0.7926829268292683,
        0.7711069418386491,
        0.7701688555347092,
        0.8123827392120075,
        0.8095684803001876,
        0.7945590994371482,
        0.7842401500938087,
        0.8058161350844277,
        0.8142589118198874
    ],
    "times_elapsed_query_strategy": [
        1.1716558819171041,
        0.00023687700740993023,
        0.00027314992621541023,
        0.00030425889417529106,
        0.0002820559311658144,
        0.0002483681309968233,
        0.0002737639006227255,
        0.000264215050265193,
        0.0002724227961152792,
        0.00025696889497339725,
        0.00025548506528139114,
        0.00019339402206242085,
        0.00023899809457361698,
        0.000268175033852458,
        0.00029341992922127247,
        0.0002637531142681837,
        0.00020386907272040844,
        0.0002645929343998432,
        0.0002594690304249525,
        0.0002619079314172268,
        0.0002015989739447832
    ],
    "times_elapsed_model": [
        0,
        14.731092989910394,
        16.255942661082372,
        16.43026648601517,
        17.14560192101635,
        17.74960906500928,
        18.426886206958443,
        19.24277648795396,
        20.698847815860063,
        21.378993222955614,
        21.873222781112418,
        22.895633078878745,
        23.73929290403612,
        24.50110052502714,
        25.312294420786202,
        26.37748805899173,
        26.833123211050406,
        27.908605619100854,
        28.83336364501156,
        29.41093318979256,
        30.327392373001203
    ]
}