{
    "args": {
        "num_iterations": 20,
        "batch_size": 25,
        "random_seed": 42,
        "initially_labeled_samples": 25,
        "dataset": "ag_news",
        "transformer_model_name": "bert-base-uncased",
        "exp_name": "baseline",
        "query_strategy": "LC"
    },
    "train_accs": [
        0.56,
        0.44,
        0.28,
        0.23,
        0.176,
        0.20666666666666667,
        0.24571428571428572,
        0.76,
        0.24,
        0.256,
        0.13090909090909092,
        0.12666666666666668,
        0.10153846153846154,
        0.13428571428571429,
        0.12266666666666666,
        0.1125,
        0.13176470588235295,
        0.06222222222222222,
        0.12,
        0.142,
        0.1619047619047619
    ],
    "test_accs": [
        0.335,
        0.39552631578947367,
        0.32723684210526316,
        0.37605263157894736,
        0.36973684210526314,
        0.45539473684210524,
        0.3726315789473684,
        0.520921052631579,
        0.44,
        0.44710526315789473,
        0.44526315789473686,
        0.48210526315789476,
        0.38605263157894737,
        0.48026315789473684,
        0.45723684210526316,
        0.5126315789473684,
        0.46828947368421053,
        0.25513157894736843,
        0.521578947368421,
        0.5446052631578947,
        0.5522368421052631
    ],
    "times_elapsed_query_strategy": [
        8.114555454114452,
        130.26034191483632,
        130.6968093959149,
        130.6424827009905,
        130.8553107199259,
        130.84926553303376,
        130.90419022389688,
        130.8699228898622,
        130.6876252500806,
        130.92594509292394,
        130.91378368297592,
        130.85441254405305,
        130.8842593098525,
        130.92791746906005,
        130.6530259521678,
        130.9065635879524,
        130.88949967501685,
        130.9519971620757,
        130.69548343517818,
        130.89264739397913,
        130.92925428808667
    ],
    "times_elapsed_model": [
        0,
        14.459357507992536,
        16.110238766064867,
        16.782019729027525,
        15.23583936598152,
        18.397764943074435,
        17.84118558606133,
        19.62251102179289,
        20.898054108023643,
        21.299248159164563,
        21.8616960470099,
        23.170798358041793,
        22.409209967125207,
        24.743786060018465,
        25.83312622900121,
        26.556197207886726,
        26.968451706925407,
        21.57500138389878,
        28.23325694981031,
        29.5831951580476,
        30.563508827937767
    ]
}