{
    "args": {
        "num_iterations": 20,
        "batch_size": 25,
        "random_seed": 42,
        "initially_labeled_samples": 25,
        "dataset": "ag_news",
        "transformer_model_name": "bert-base-uncased",
        "exp_name": "baseline",
        "query_strategy": "Ent"
    },
    "train_accs": [
        0.56,
        0.4,
        0.32,
        0.15,
        0.2,
        0.8533333333333334,
        0.22857142857142856,
        0.225,
        0.64,
        0.936,
        0.4036363636363636,
        0.82,
        0.88,
        0.25142857142857145,
        0.8666666666666667,
        0.3025,
        0.76,
        0.9377777777777778,
        0.6126315789473684,
        0.398,
        0.4514285714285714
    ],
    "test_accs": [
        0.335,
        0.36973684210526314,
        0.32210526315789473,
        0.3398684210526316,
        0.41868421052631577,
        0.4392105263157895,
        0.3684210526315789,
        0.44644736842105265,
        0.570921052631579,
        0.7075,
        0.5472368421052631,
        0.6625,
        0.7089473684210527,
        0.4768421052631579,
        0.7288157894736842,
        0.5819736842105263,
        0.7060526315789474,
        0.8111842105263158,
        0.6806578947368421,
        0.6118421052631579,
        0.6375
    ],
    "times_elapsed_query_strategy": [
        8.110531033016741,
        131.65073751099408,
        132.16656929603778,
        131.92275736504234,
        132.10666772304103,
        132.1753400291782,
        132.1944231139496,
        132.17730679595843,
        131.95345170400105,
        132.1736947831232,
        132.25712521886453,
        132.224401157815,
        132.27894954010844,
        131.9886762020178,
        132.22463403688744,
        132.22612735792063,
        132.27732252911665,
        132.10320174111985,
        132.2849875879474,
        132.2742929328233,
        132.22460813098587
    ],
    "times_elapsed_model": [
        0,
        14.878094168845564,
        16.33789667999372,
        17.052829646971077,
        17.663706306135282,
        18.694172241957858,
        19.21687300107442,
        20.34253059909679,
        21.29390811896883,
        21.823093872051686,
        22.505692685954273,
        23.593764577060938,
        24.1790163370315,
        24.904619925888255,
        25.96547765401192,
        26.637562055839226,
        27.01380153489299,
        28.399380549788475,
        28.686210179002956,
        30.03669243096374,
        30.89955016807653
    ]
}