{
    "args": {
        "num_iterations": 20,
        "batch_size": 25,
        "random_seed": 46,
        "initially_labeled_samples": 25,
        "dataset": "subj",
        "transformer_model_name": "bert-base-uncased",
        "exp_name": "baseline",
        "query_strategy": "MM"
    },
    "train_accs": [
        0.96,
        0.9,
        0.9733333333333334,
        0.97,
        0.936,
        0.9866666666666667,
        0.9771428571428571,
        0.955,
        0.9511111111111111,
        0.976,
        0.9563636363636364,
        0.9766666666666667,
        0.9692307692307692,
        0.9714285714285714,
        0.952,
        0.965,
        0.96,
        0.9422222222222222,
        0.9768421052631578,
        0.958,
        0.979047619047619
    ],
    "test_accs": [
        0.8655,
        0.7645,
        0.917,
        0.8765,
        0.882,
        0.9185,
        0.94,
        0.9385,
        0.944,
        0.933,
        0.936,
        0.9485,
        0.952,
        0.948,
        0.9345,
        0.9535,
        0.95,
        0.952,
        0.958,
        0.96,
        0.9515
    ],
    "times_elapsed_query_strategy": [
        2.1566453059203923,
        8.555220217909664,
        8.586910885991529,
        8.596017525997013,
        8.605011926963925,
        8.60349218500778,
        8.604222469963133,
        8.609650105936453,
        8.606565503869206,
        8.61843475792557,
        8.620463461149484,
        8.624648443190381,
        8.621276363031939,
        8.626118110958487,
        8.626078410074115,
        8.623974116053432,
        8.627930795075372,
        8.635742221958935,
        8.634695621905848,
        8.646107472945005,
        8.644635480130091
    ],
    "times_elapsed_model": [
        0,
        14.728769153123721,
        15.9944597708527,
        16.344267861917615,
        17.553401868790388,
        17.90986398397945,
        19.075087927049026,
        19.574349586153403,
        20.36228461796418,
        21.091218827059492,
        22.229908243985847,
        22.825555494986475,
        23.405800897162408,
        24.499531760113314,
        25.742268946021795,
        26.092064816970378,
        26.673300650902092,
        27.516255020862445,
        28.367606576066464,
        29.453443889971823,
        30.161456239176914
    ]
}