{
    "args": {
        "num_iterations": 20,
        "batch_size": 25,
        "random_seed": 45,
        "initially_labeled_samples": 25,
        "dataset": "rotten",
        "transformer_model_name": "bert-base-uncased",
        "exp_name": "baseline",
        "query_strategy": "LC"
    },
    "train_accs": [
        0.6,
        0.66,
        0.92,
        0.93,
        0.944,
        0.9666666666666667,
        0.9428571428571428,
        0.93,
        0.9288888888888889,
        0.94,
        0.9381818181818182,
        0.92,
        0.9138461538461539,
        0.88,
        0.9653333333333334,
        0.9175,
        0.9505882352941176,
        0.9533333333333334,
        0.9536842105263158,
        0.966,
        0.9619047619047619
    ],
    "test_accs": [
        0.5140712945590994,
        0.5075046904315197,
        0.6388367729831145,
        0.6538461538461539,
        0.6829268292682927,
        0.7110694183864915,
        0.7842401500938087,
        0.6969981238273921,
        0.6810506566604128,
        0.7270168855534709,
        0.7298311444652908,
        0.7373358348968105,
        0.774859287054409,
        0.7439024390243902,
        0.7711069418386491,
        0.8123827392120075,
        0.8123827392120075,
        0.8105065666041276,
        0.7861163227016885,
        0.8217636022514071,
        0.8058161350844277
    ],
    "times_elapsed_query_strategy": [
        1.171150866895914,
        9.12687446991913,
        9.133324124850333,
        9.145343807991594,
        9.148892967030406,
        9.150669254828244,
        9.237009071977809,
        9.164159001084045,
        9.166661661816761,
        9.173059732886031,
        9.175669842166826,
        9.252870015101507,
        9.184644361026585,
        9.18771673203446,
        9.192278828006238,
        9.194951366167516,
        9.201038990169764,
        9.212713052053005,
        9.205668549984694,
        9.206500113941729,
        9.279598583932966
    ],
    "times_elapsed_model": [
        0,
        14.756022610934451,
        15.95712618692778,
        16.394481834955513,
        17.427114428952336,
        18.586843522964045,
        18.8662269548513,
        19.86633245809935,
        21.02028759010136,
        21.25046201283112,
        21.890850707888603,
        22.654908045195043,
        23.435363026801497,
        24.139733472838998,
        25.28015251806937,
        26.20806127996184,
        26.608046723995358,
        27.529114969074726,
        28.32635926292278,
        29.39882377977483,
        29.971374731045216
    ]
}