{
    "args": {
        "num_iterations": 20,
        "batch_size": 25,
        "random_seed": 45,
        "initially_labeled_samples": 25,
        "dataset": "trec6",
        "transformer_model_name": "bert-base-uncased",
        "exp_name": "baseline",
        "query_strategy": "Ent"
    },
    "train_accs": [
        0.28,
        0.44,
        0.37333333333333335,
        0.65,
        0.48,
        0.7,
        0.48,
        0.5,
        0.6044444444444445,
        0.664,
        0.43636363636363634,
        0.7066666666666667,
        0.5938461538461538,
        0.5,
        0.608,
        0.4925,
        0.5505882352941176,
        0.6288888888888889,
        0.5747368421052632,
        0.636,
        0.5657142857142857
    ],
    "test_accs": [
        0.156,
        0.26,
        0.236,
        0.376,
        0.424,
        0.584,
        0.346,
        0.34,
        0.602,
        0.616,
        0.476,
        0.55,
        0.476,
        0.5,
        0.53,
        0.514,
        0.65,
        0.704,
        0.57,
        0.762,
        0.718
    ],
    "times_elapsed_query_strategy": [
        0.5628292770124972,
        5.896779897157103,
        5.890717449132353,
        5.8880420790519565,
        5.892716630129144,
        5.895076000131667,
        5.902829344151542,
        5.909458622103557,
        5.910038555972278,
        5.909527029143646,
        5.914808937115595,
        5.917167713167146,
        5.916236439952627,
        5.921566463075578,
        5.919184286845848,
        5.917607021983713,
        5.9209390371106565,
        5.920739236054942,
        5.924654440023005,
        5.9256630120798945,
        5.927855533082038
    ],
    "times_elapsed_model": [
        0,
        14.434504983015358,
        16.407121096970513,
        16.316036363132298,
        17.101099591935053,
        17.900273436913267,
        18.684594444930553,
        19.453125143889338,
        20.34291760995984,
        21.083366815000772,
        21.93709455197677,
        22.756626207148656,
        23.693484536139295,
        24.088313852902502,
        25.043657714035362,
        25.958084302023053,
        26.372388052055612,
        27.603245944017544,
        28.440088500035927,
        29.503998826025054,
        29.953809073893353
    ]
}