{
    "args": {
        "num_iterations": 20,
        "batch_size": 25,
        "random_seed": 45,
        "initially_labeled_samples": 25,
        "dataset": "rotten",
        "transformer_model_name": "bert-base-uncased",
        "exp_name": "baseline",
        "query_strategy": "Rand"
    },
    "train_accs": [
        0.6,
        0.84,
        0.88,
        0.95,
        0.856,
        0.96,
        0.9485714285714286,
        0.915,
        0.9555555555555556,
        0.92,
        0.9454545454545454,
        0.9766666666666667,
        0.916923076923077,
        0.96,
        0.9706666666666667,
        0.9575,
        0.9647058823529412,
        0.9711111111111111,
        0.9768421052631578,
        0.978,
        0.9866666666666667
    ],
    "test_accs": [
        0.5140712945590994,
        0.5347091932457786,
        0.5337711069418386,
        0.6613508442776735,
        0.5891181988742964,
        0.725140712945591,
        0.7429643527204502,
        0.6791744840525328,
        0.7617260787992496,
        0.7598499061913696,
        0.7701688555347092,
        0.7514071294559099,
        0.7926829268292683,
        0.7842401500938087,
        0.7870544090056285,
        0.7570356472795498,
        0.7851782363977486,
        0.8189493433395872,
        0.8151969981238274,
        0.8058161350844277,
        0.8133208255159474
    ],
    "times_elapsed_query_strategy": [
        1.1697589689865708,
        0.000297886086627841,
        0.00027599302120506763,
        0.0002899891696870327,
        0.0002865439746528864,
        0.0002790861763060093,
        0.0002950988709926605,
        0.0002791760489344597,
        0.00027593900449573994,
        0.0002679929602891207,
        0.0002681219484657049,
        0.00021495111286640167,
        0.0002931759227067232,
        0.00027501489967107773,
        0.00026519293896853924,
        0.0002754400484263897,
        0.0002739380579441786,
        0.0002747839316725731,
        0.00023523601703345776,
        0.00026922300457954407,
        0.00029687979258596897
    ],
    "times_elapsed_model": [
        0,
        15.313329184893519,
        16.290994819952175,
        17.148031085031107,
        17.291696430183947,
        18.778926506871358,
        19.176349331159145,
        19.95646149199456,
        21.027546401834115,
        21.530938647920266,
        22.211944953072816,
        23.34291142085567,
        23.96195100201294,
        24.83306662621908,
        25.83010700601153,
        26.276224076049402,
        26.940635334933177,
        28.495679792948067,
        28.566559578990564,
        29.942213298985735,
        30.683529678033665
    ]
}