{
    "args": {
        "num_iterations": 20,
        "batch_size": 25,
        "random_seed": 44,
        "initially_labeled_samples": 25,
        "dataset": "subj",
        "transformer_model_name": "bert-base-uncased",
        "exp_name": "baseline",
        "query_strategy": "Rand"
    },
    "train_accs": [
        1.0,
        0.96,
        0.96,
        0.98,
        0.976,
        0.9866666666666667,
        0.9942857142857143,
        0.99,
        0.9955555555555555,
        0.988,
        0.9963636363636363,
        0.99,
        0.9907692307692307,
        0.9857142857142858,
        0.976,
        0.9875,
        0.9835294117647059,
        0.9933333333333333,
        0.991578947368421,
        0.984,
        0.9923809523809524
    ],
    "test_accs": [
        0.7805,
        0.82,
        0.8465,
        0.8355,
        0.8905,
        0.9355,
        0.932,
        0.9265,
        0.9415,
        0.941,
        0.9445,
        0.9405,
        0.939,
        0.942,
        0.948,
        0.9495,
        0.9485,
        0.9475,
        0.9425,
        0.95,
        0.951
    ],
    "times_elapsed_query_strategy": [
        2.16594383912161,
        0.00027642189525067806,
        0.0002965040039271116,
        0.0002716339658945799,
        0.0002899088431149721,
        0.00023275800049304962,
        0.0002682639751583338,
        0.0002278410829603672,
        0.00028005195781588554,
        0.000303599052131176,
        0.0003136228770017624,
        0.0002876189537346363,
        0.0002300851047039032,
        0.0002709070686250925,
        0.0002612778916954994,
        0.0002586680930107832,
        0.0002225490752607584,
        0.0002687510568648577,
        0.0002184209879487753,
        0.00026262085884809494,
        0.0002807148266583681
    ],
    "times_elapsed_model": [
        0,
        14.861996595049277,
        16.015099890064448,
        16.29408494802192,
        17.318611521972343,
        18.463537907926366,
        18.559511143015698,
        19.4057710589841,
        20.34631847217679,
        21.801365837920457,
        21.75586587213911,
        22.81854408700019,
        23.780611254042014,
        24.34412282402627,
        25.178972583962604,
        25.756253727013245,
        26.581884557846934,
        27.626523796934634,
        28.29157081595622,
        29.30566954985261,
        29.9965049859602
    ]
}