{
    "args": {
        "num_iterations": 20,
        "batch_size": 25,
        "random_seed": 42,
        "initially_labeled_samples": 25,
        "dataset": "ag_news",
        "transformer_model_name": "bert-base-uncased",
        "exp_name": "baseline",
        "query_strategy": "Rand"
    },
    "train_accs": [
        0.56,
        0.88,
        0.52,
        0.77,
        0.888,
        0.96,
        0.9028571428571428,
        0.945,
        0.9111111111111111,
        0.896,
        0.9309090909090909,
        0.9466666666666667,
        0.9384615384615385,
        0.9628571428571429,
        0.944,
        0.9725,
        0.9623529411764706,
        0.9622222222222222,
        0.9621052631578947,
        0.976,
        0.9657142857142857
    ],
    "test_accs": [
        0.335,
        0.5089473684210526,
        0.42855263157894735,
        0.5568421052631579,
        0.6748684210526316,
        0.77,
        0.7610526315789473,
        0.790921052631579,
        0.7728947368421053,
        0.8039473684210526,
        0.841842105263158,
        0.8410526315789474,
        0.8472368421052632,
        0.863421052631579,
        0.8525,
        0.8653947368421052,
        0.8627631578947368,
        0.8643421052631579,
        0.8785526315789474,
        0.8694736842105263,
        0.8781578947368421
    ],
    "times_elapsed_query_strategy": [
        8.111874863971025,
        0.002167297061532736,
        0.0021462510339915752,
        0.002160137053579092,
        0.002102823927998543,
        0.00217954209074378,
        0.0021543321199715137,
        0.002012719865888357,
        0.002154780086129904,
        0.002218462061136961,
        0.00217858306132257,
        0.002136545954272151,
        0.0022575489711016417,
        0.0020324131473898888,
        0.001973049947991967,
        0.002154488116502762,
        0.002254769904538989,
        0.0019449859391897917,
        0.0020797362085431814,
        0.0023580691777169704,
        0.0021503071766346693
    ],
    "times_elapsed_model": [
        0,
        14.724535194924101,
        16.064600930083543,
        16.36620658193715,
        17.392378446878865,
        18.444069754099473,
        19.03649714589119,
        20.529067317955196,
        21.13030722294934,
        21.51399084692821,
        22.070626348955557,
        23.6411801551003,
        24.23897572909482,
        24.85782063496299,
        25.946339930873364,
        26.235377077013254,
        26.929422247922048,
        27.80172475799918,
        29.45596595108509,
        29.441668561892584,
        30.398287527030334
    ]
}