{
    "args": {
        "num_iterations": 20,
        "batch_size": 25,
        "random_seed": 46,
        "initially_labeled_samples": 25,
        "dataset": "subj",
        "transformer_model_name": "bert-base-uncased",
        "exp_name": "baseline",
        "query_strategy": "Ent"
    },
    "train_accs": [
        0.96,
        0.9,
        0.9733333333333334,
        0.97,
        0.936,
        0.9866666666666667,
        0.9771428571428571,
        0.955,
        0.9511111111111111,
        0.976,
        0.9563636363636364,
        0.9766666666666667,
        0.9692307692307692,
        0.9714285714285714,
        0.952,
        0.965,
        0.96,
        0.9422222222222222,
        0.9768421052631578,
        0.958,
        0.979047619047619
    ],
    "test_accs": [
        0.8655,
        0.7645,
        0.917,
        0.8765,
        0.882,
        0.9185,
        0.94,
        0.9385,
        0.944,
        0.933,
        0.936,
        0.9485,
        0.952,
        0.948,
        0.9345,
        0.9535,
        0.95,
        0.952,
        0.958,
        0.96,
        0.9515
    ],
    "times_elapsed_query_strategy": [
        2.175105714937672,
        8.642375234048814,
        8.683976487023756,
        8.693001247011125,
        8.694216586882249,
        8.696672130841762,
        8.698423380963504,
        8.694949044147506,
        8.695950554916635,
        8.695783105911687,
        8.70049444003962,
        8.702044034842402,
        8.706618804018945,
        8.710498373024166,
        8.70795160299167,
        8.71416201419197,
        8.716267501935363,
        8.717255129944533,
        8.713852823944762,
        8.719101477181539,
        8.718146237079054
    ],
    "times_elapsed_model": [
        0,
        14.66765822796151,
        15.67687039100565,
        16.28491281415336,
        17.134814771823585,
        18.30057781212963,
        18.97164679504931,
        19.663008542032912,
        20.332761666970327,
        21.10235016606748,
        22.14839096716605,
        22.84823292098008,
        23.55558425397612,
        24.585271910065785,
        25.110337746795267,
        25.761485873023048,
        27.032298322068527,
        28.11022665305063,
        28.22314512496814,
        29.397227748064324,
        30.478491567075253
    ]
}