{
    "args": {
        "num_iterations": 20,
        "batch_size": 25,
        "random_seed": 46,
        "initially_labeled_samples": 25,
        "dataset": "trec6",
        "transformer_model_name": "bert-base-uncased",
        "exp_name": "baseline",
        "query_strategy": "Ent"
    },
    "train_accs": [
        0.48,
        0.2,
        0.14666666666666667,
        0.47,
        0.456,
        0.6533333333333333,
        0.84,
        0.46,
        0.40444444444444444,
        0.484,
        0.6290909090909091,
        0.54,
        0.6646153846153846,
        0.8171428571428572,
        0.6906666666666667,
        0.66,
        0.6611764705882353,
        0.6133333333333333,
        0.4168421052631579,
        0.544,
        0.64
    ],
    "test_accs": [
        0.218,
        0.134,
        0.18,
        0.248,
        0.212,
        0.54,
        0.546,
        0.52,
        0.356,
        0.334,
        0.5,
        0.41,
        0.572,
        0.684,
        0.726,
        0.668,
        0.736,
        0.688,
        0.528,
        0.626,
        0.72
    ],
    "times_elapsed_query_strategy": [
        0.5616258028894663,
        5.885756729869172,
        5.884621351025999,
        5.885138055076823,
        5.882138055050746,
        5.886228986084461,
        5.88985262112692,
        5.896919822087511,
        5.8992437708657235,
        5.909949108026922,
        5.907601559069008,
        5.910316652152687,
        5.914400042034686,
        5.915614899015054,
        5.915551961865276,
        5.989861503941938,
        5.917405653046444,
        5.922266920795664,
        5.92578752595,
        5.9311289640609175,
        5.932247218908742
    ],
    "times_elapsed_model": [
        0,
        12.597539259819314,
        13.367831013863906,
        17.118259204085916,
        15.368474167073146,
        18.311081341002136,
        18.872254919959232,
        19.14605801505968,
        20.62412814097479,
        18.18142185290344,
        22.137468033004552,
        22.88919148594141,
        23.78416933515109,
        24.325894637964666,
        25.057248689001426,
        26.13154818699695,
        26.86507045594044,
        27.597437859978527,
        28.37059939117171,
        29.439638626994565,
        30.071641637943685
    ]
}