{
    "args": {
        "num_iterations": 20,
        "batch_size": 25,
        "random_seed": 42,
        "initially_labeled_samples": 25,
        "dataset": "trec6",
        "transformer_model_name": "bert-base-uncased",
        "exp_name": "baseline",
        "query_strategy": "Rand"
    },
    "train_accs": [
        0.28,
        0.56,
        0.22666666666666666,
        0.49,
        0.384,
        0.3933333333333333,
        0.4342857142857143,
        0.75,
        0.39555555555555555,
        0.712,
        0.5745454545454546,
        0.8166666666666667,
        0.676923076923077,
        0.6542857142857142,
        0.72,
        0.78,
        0.4988235294117647,
        0.8333333333333334,
        0.888421052631579,
        0.838,
        0.8057142857142857
    ],
    "test_accs": [
        0.24,
        0.426,
        0.188,
        0.342,
        0.328,
        0.426,
        0.39,
        0.618,
        0.294,
        0.6,
        0.572,
        0.75,
        0.62,
        0.518,
        0.644,
        0.664,
        0.398,
        0.768,
        0.83,
        0.814,
        0.766
    ],
    "times_elapsed_query_strategy": [
        0.5617313159164041,
        0.00021668686531484127,
        0.0002506440505385399,
        0.00026089511811733246,
        0.0002483590506017208,
        0.00025021517649292946,
        0.0002410209272056818,
        0.0002760451752692461,
        0.0002379950601607561,
        0.000251897843554616,
        0.00025509484112262726,
        0.0002519330009818077,
        0.0002524049486964941,
        0.00025597005151212215,
        0.00025133113376796246,
        0.00027380697429180145,
        0.0002521888818591833,
        0.00020442204549908638,
        0.0002539851702749729,
        0.00025291205383837223,
        0.0002624180633574724
    ],
    "times_elapsed_model": [
        0,
        14.659490927821025,
        16.002299522981048,
        16.50833861879073,
        17.00094346399419,
        17.87537631089799,
        18.627802429022267,
        19.250052366871387,
        20.604850659845397,
        21.003580460790545,
        21.958683259086683,
        22.821825290098786,
        23.552816055947915,
        24.242496623890474,
        25.467993177007884,
        25.987437734846026,
        26.445640390040353,
        27.446433479897678,
        28.370082698995247,
        29.360842778114602,
        29.709498518845066
    ]
}