{
    "args": {
        "num_iterations": 20,
        "batch_size": 25,
        "random_seed": 46,
        "initially_labeled_samples": 25,
        "dataset": "subj",
        "transformer_model_name": "bert-base-uncased",
        "exp_name": "baseline",
        "query_strategy": "LC"
    },
    "train_accs": [
        0.96,
        0.9,
        0.9733333333333334,
        0.97,
        0.936,
        0.9866666666666667,
        0.9771428571428571,
        0.955,
        0.9511111111111111,
        0.976,
        0.9563636363636364,
        0.9766666666666667,
        0.9692307692307692,
        0.9714285714285714,
        0.952,
        0.965,
        0.96,
        0.9422222222222222,
        0.9768421052631578,
        0.958,
        0.979047619047619
    ],
    "test_accs": [
        0.8655,
        0.7645,
        0.917,
        0.8765,
        0.882,
        0.9185,
        0.94,
        0.9385,
        0.944,
        0.933,
        0.936,
        0.9485,
        0.952,
        0.948,
        0.9345,
        0.9535,
        0.95,
        0.952,
        0.958,
        0.96,
        0.9515
    ],
    "times_elapsed_query_strategy": [
        2.1632915060035884,
        8.54703146405518,
        8.575709951808676,
        8.590776544995606,
        8.594416672829539,
        8.601128057809547,
        8.604983368888497,
        8.607968638883904,
        8.604732140898705,
        8.616709681926295,
        8.614196151960641,
        8.620922530069947,
        8.62727987091057,
        8.632623943965882,
        8.628397105028853,
        8.633408579044044,
        8.62867540307343,
        8.635560527909547,
        8.62941027409397,
        8.63650460797362,
        8.641363312024623
    ],
    "times_elapsed_model": [
        0,
        14.41527505312115,
        16.37720921682194,
        17.04045935184695,
        16.93696948303841,
        17.948676529107615,
        19.192984983092174,
        19.9882553468924,
        20.586775311967358,
        21.538308582035825,
        22.198838893091306,
        22.798737838165835,
        23.55384770105593,
        24.430395568953827,
        25.109810122055933,
        26.057146955979988,
        26.64255830505863,
        28.175096438033506,
        28.74860562197864,
        30.02495131199248,
        30.09075122815557
    ]
}