{
    "args": {
        "num_iterations": 20,
        "batch_size": 25,
        "random_seed": 43,
        "initially_labeled_samples": 25,
        "dataset": "subj",
        "transformer_model_name": "bert-base-uncased",
        "exp_name": "baseline",
        "query_strategy": "Rand"
    },
    "train_accs": [
        1.0,
        0.98,
        0.96,
        1.0,
        0.968,
        0.9733333333333334,
        0.9714285714285714,
        0.97,
        0.9911111111111112,
        0.98,
        0.9854545454545455,
        0.9933333333333333,
        0.9907692307692307,
        0.9857142857142858,
        0.9813333333333333,
        0.9825,
        0.9952941176470588,
        0.9933333333333333,
        0.9957894736842106,
        0.992,
        0.9961904761904762
    ],
    "test_accs": [
        0.839,
        0.791,
        0.8415,
        0.8965,
        0.9085,
        0.9115,
        0.893,
        0.928,
        0.9125,
        0.9395,
        0.9405,
        0.944,
        0.9295,
        0.936,
        0.947,
        0.944,
        0.947,
        0.943,
        0.9485,
        0.946,
        0.95
    ],
    "times_elapsed_query_strategy": [
        2.1673101941123605,
        0.0003150869160890579,
        0.0003067262005060911,
        0.000277617946267128,
        0.0003077979199588299,
        0.0002972581423819065,
        0.0002821008674800396,
        0.00028675817884504795,
        0.0002920590341091156,
        0.0002287349198013544,
        0.00027979700826108456,
        0.000277254031971097,
        0.00028685014694929123,
        0.00029064295813441277,
        0.0003077378496527672,
        0.0002894091885536909,
        0.00031179399229586124,
        0.00022182799875736237,
        0.0002863910049200058,
        0.00030606496147811413,
        0.0002724369987845421
    ],
    "times_elapsed_model": [
        0,
        14.439982833107933,
        16.504854402970523,
        16.82091846689582,
        17.162052356870845,
        18.861159934895113,
        18.87668425613083,
        19.584877654910088,
        20.711258199997246,
        21.647572193061933,
        22.806158571969718,
        23.14124256395735,
        24.069952867925167,
        24.50671578478068,
        25.921794108115137,
        25.839721757918596,
        26.601910778088495,
        27.73541728197597,
        28.881378795951605,
        29.4096892348025,
        29.91532593499869
    ]
}