{
    "args": {
        "num_iterations": 20,
        "batch_size": 25,
        "random_seed": 42,
        "initially_labeled_samples": 25,
        "dataset": "subj",
        "transformer_model_name": "bert-base-uncased",
        "exp_name": "baseline",
        "query_strategy": "LC"
    },
    "train_accs": [
        1.0,
        0.98,
        0.96,
        0.97,
        0.968,
        0.96,
        0.9828571428571429,
        0.975,
        0.9555555555555556,
        0.956,
        0.8836363636363637,
        0.97,
        0.96,
        0.96,
        0.968,
        0.97,
        0.9670588235294117,
        0.9688888888888889,
        0.9747368421052631,
        0.968,
        0.9580952380952381
    ],
    "test_accs": [
        0.8675,
        0.885,
        0.8565,
        0.8795,
        0.927,
        0.9365,
        0.9275,
        0.9275,
        0.9225,
        0.9245,
        0.916,
        0.954,
        0.951,
        0.9445,
        0.949,
        0.9505,
        0.952,
        0.9525,
        0.9525,
        0.946,
        0.9555
    ],
    "times_elapsed_query_strategy": [
        2.1632344669196755,
        8.555125347105786,
        8.593397815944627,
        8.605846019927412,
        8.611041736090556,
        8.614859948167577,
        8.617491462966427,
        8.617319426964968,
        8.618027654942125,
        8.617201745975763,
        8.615684444084764,
        8.618747061118484,
        8.620904015144333,
        8.62379906210117,
        8.62680914788507,
        8.63216720498167,
        8.628348933998495,
        8.630065311910585,
        8.635798203991726,
        8.64397414214909,
        8.636720835929736
    ],
    "times_elapsed_model": [
        0,
        14.505249904002994,
        15.805640012025833,
        16.722546878037974,
        16.92517011403106,
        18.110406159888953,
        19.038408054038882,
        19.959497348871082,
        20.424741621827707,
        20.909133223816752,
        22.038319498999044,
        23.24406038899906,
        23.5911197878886,
        24.53252517990768,
        25.063549514859915,
        26.6854746369645,
        26.595052264863625,
        27.759434571955353,
        28.120021339971572,
        29.688434922136366,
        30.458284459076822
    ]
}