{
    "args": {
        "num_iterations": 20,
        "batch_size": 25,
        "random_seed": 43,
        "initially_labeled_samples": 25,
        "dataset": "imdb",
        "transformer_model_name": "bert-base-uncased",
        "exp_name": "baseline",
        "query_strategy": "LC"
    },
    "train_accs": [
        0.72,
        0.76,
        0.72,
        0.8,
        0.92,
        0.9133333333333333,
        0.8971428571428571,
        0.9,
        0.9155555555555556,
        0.624,
        0.7090909090909091,
        0.88,
        0.9261538461538461,
        0.92,
        0.9173333333333333,
        0.9475,
        0.9458823529411765,
        0.94,
        0.8294736842105264,
        0.94,
        0.9523809523809523
    ],
    "test_accs": [
        0.49992,
        0.49692,
        0.49956,
        0.56844,
        0.55852,
        0.60044,
        0.57532,
        0.65444,
        0.6476,
        0.51008,
        0.57428,
        0.60348,
        0.64652,
        0.71236,
        0.7118,
        0.63528,
        0.71868,
        0.7158,
        0.6884,
        0.76552,
        0.72116
    ],
    "times_elapsed_query_strategy": [
        26.582491524983197,
        26.9053748131264,
        27.080544522963464,
        27.093342671869323,
        27.13971367897466,
        27.25800647912547,
        27.13942211889662,
        27.274822927080095,
        27.153595672920346,
        27.135856762062758,
        27.145097994012758,
        27.288172056898475,
        27.153922026976943,
        27.153028924949467,
        27.164556509116665,
        27.15689617698081,
        27.17863668501377,
        27.173598763067275,
        27.174211303004995,
        27.177729326998815,
        27.29371717805043
    ],
    "times_elapsed_model": [
        0,
        12.09940177993849,
        13.055442734854296,
        16.440288126002997,
        16.91616826900281,
        17.991951308911666,
        19.09804617194459,
        19.368991555878893,
        20.426338268909603,
        16.852211467921734,
        17.247081988025457,
        23.54634848004207,
        23.89746546698734,
        24.25127792195417,
        25.68530546501279,
        26.339686604915187,
        26.709810290951282,
        28.13439657120034,
        28.49654891481623,
        29.60029425495304,
        30.41961490898393
    ]
}