{
    "args": {
        "num_iterations": 20,
        "batch_size": 25,
        "random_seed": 44,
        "initially_labeled_samples": 25,
        "dataset": "imdb",
        "transformer_model_name": "bert-base-uncased",
        "exp_name": "baseline",
        "query_strategy": "LC"
    },
    "train_accs": [
        0.68,
        0.52,
        0.6533333333333333,
        0.73,
        0.696,
        0.94,
        0.7714285714285715,
        0.92,
        0.8533333333333334,
        0.584,
        0.9418181818181818,
        0.8466666666666667,
        0.9384615384615385,
        0.92,
        0.576,
        0.9,
        0.908235294117647,
        0.7888888888888889,
        0.9263157894736842,
        0.95,
        0.9047619047619048
    ],
    "test_accs": [
        0.50464,
        0.49996,
        0.5066,
        0.53456,
        0.59252,
        0.57644,
        0.56304,
        0.63868,
        0.63068,
        0.50184,
        0.66372,
        0.64424,
        0.6434,
        0.659,
        0.54176,
        0.74808,
        0.67036,
        0.59772,
        0.74172,
        0.73192,
        0.69664
    ],
    "times_elapsed_query_strategy": [
        26.580950944917277,
        26.933793094940484,
        27.082606778945774,
        27.10323014599271,
        27.132676088018343,
        27.279894167091697,
        27.172648819861934,
        27.346216514939442,
        27.188455943018198,
        27.32003547088243,
        27.20736598991789,
        27.16026245895773,
        27.174785116920248,
        27.195437095128,
        27.31933884997852,
        27.191556323086843,
        27.31561306794174,
        27.198757965117693,
        27.310799301834777,
        27.20850675809197,
        27.20016503497027
    ],
    "times_elapsed_model": [
        0,
        12.176510573830456,
        13.2058734560851,
        15.145541541976854,
        17.500786547083408,
        18.501079387031496,
        18.952868831111118,
        19.601281932089478,
        21.00868676090613,
        16.993123438907787,
        22.32791626895778,
        23.33108722115867,
        23.51629945798777,
        24.40417583892122,
        19.766186272958294,
        26.752650532172993,
        26.981297394027933,
        27.77666645194404,
        28.59140646085143,
        30.044628717936575,
        30.382298889104277
    ]
}