{
    "args": {
        "num_iterations": 20,
        "batch_size": 25,
        "random_seed": 46,
        "initially_labeled_samples": 25,
        "dataset": "imdb",
        "transformer_model_name": "bert-base-uncased",
        "exp_name": "baseline",
        "query_strategy": "Rand"
    },
    "train_accs": [
        0.64,
        0.76,
        0.92,
        0.79,
        0.928,
        0.8666666666666667,
        0.8342857142857143,
        0.53,
        0.9466666666666667,
        0.928,
        0.92,
        0.9333333333333333,
        0.9323076923076923,
        0.9057142857142857,
        0.9093333333333333,
        0.93,
        0.9435294117647058,
        0.9377777777777778,
        0.8926315789473684,
        0.93,
        0.9314285714285714
    ],
    "test_accs": [
        0.48244,
        0.53052,
        0.56788,
        0.52012,
        0.56436,
        0.58532,
        0.60916,
        0.52272,
        0.65768,
        0.69168,
        0.69176,
        0.6576,
        0.7052,
        0.71728,
        0.71308,
        0.74876,
        0.7362,
        0.74948,
        0.75352,
        0.73788,
        0.7354
    ],
    "times_elapsed_query_strategy": [
        26.598891587927938,
        0.0005696529988199472,
        0.0006721469108015299,
        0.0005067589227110147,
        0.0005099230911582708,
        0.0005960380658507347,
        0.0006067589856684208,
        0.000526702031493187,
        0.0005188728682696819,
        0.0005431580357253551,
        0.0005221390165388584,
        0.0005275490693747997,
        0.00044660107232630253,
        0.0004952969029545784,
        0.0004940121434628963,
        0.00045962585136294365,
        0.000523833092302084,
        0.0005176190752536058,
        0.00048251496627926826,
        0.0005195620469748974,
        0.0005219189915806055
    ],
    "times_elapsed_model": [
        0,
        13.582611765014008,
        15.770904280943796,
        14.980650193989277,
        17.608285047113895,
        18.83469406911172,
        19.75075845606625,
        16.125604507979006,
        21.074570867000148,
        22.136185884010047,
        22.42258239397779,
        23.729191319085658,
        24.52010161895305,
        24.873960830038413,
        25.78928615199402,
        26.60489588882774,
        27.222607330884784,
        28.7892345469445,
        29.22509727999568,
        30.637592827901244,
        30.907289519906044
    ]
}