{
    "args": {
        "num_iterations": 20,
        "batch_size": 25,
        "random_seed": 44,
        "initially_labeled_samples": 25,
        "dataset": "trec6",
        "transformer_model_name": "bert-base-uncased",
        "exp_name": "baseline",
        "query_strategy": "LC"
    },
    "train_accs": [
        0.24,
        0.22,
        0.41333333333333333,
        0.14,
        0.4,
        0.25333333333333335,
        0.24,
        0.41,
        0.22666666666666666,
        0.532,
        0.6581818181818182,
        0.51,
        0.5015384615384615,
        0.6228571428571429,
        0.496,
        0.4275,
        0.6423529411764706,
        0.7355555555555555,
        0.52,
        0.67,
        0.8495238095238096
    ],
    "test_accs": [
        0.19,
        0.12,
        0.13,
        0.276,
        0.292,
        0.214,
        0.228,
        0.13,
        0.296,
        0.43,
        0.388,
        0.436,
        0.586,
        0.632,
        0.496,
        0.41,
        0.672,
        0.668,
        0.518,
        0.478,
        0.698
    ],
    "times_elapsed_query_strategy": [
        0.5635935280006379,
        5.9163578120060265,
        5.8313049748539925,
        5.834028869867325,
        5.83886073413305,
        5.833974142093211,
        5.837464004056528,
        5.8448833911679685,
        5.839936452917755,
        5.850841467035934,
        5.850307460874319,
        5.853615619009361,
        5.8523177448660135,
        5.8536549808923155,
        5.857290297048166,
        5.859542159130797,
        5.861168292118236,
        5.867966779973358,
        5.868180701974779,
        5.863703896990046,
        5.869052696973085
    ],
    "times_elapsed_model": [
        0,
        14.271549900062382,
        13.368081729859114,
        13.366478624055162,
        16.71727146510966,
        14.570192075101659,
        15.025983722880483,
        15.657322820043191,
        20.131624071858823,
        20.828660116996616,
        21.71210168302059,
        22.820478865876794,
        23.193276460980996,
        23.989860043860972,
        25.017445550998673,
        25.724074634956196,
        26.43864620802924,
        27.61476529412903,
        28.06639009900391,
        29.19418023293838,
        29.632194845937192
    ]
}