{
    "args": {
        "num_iterations": 20,
        "batch_size": 25,
        "random_seed": 43,
        "initially_labeled_samples": 25,
        "dataset": "imdb",
        "transformer_model_name": "bert-base-uncased",
        "exp_name": "baseline",
        "query_strategy": "Rand"
    },
    "train_accs": [
        0.72,
        0.58,
        0.9066666666666666,
        0.93,
        0.896,
        0.9466666666666667,
        0.9428571428571428,
        0.81,
        0.7111111111111111,
        0.884,
        0.8545454545454545,
        0.96,
        0.9476923076923077,
        0.9114285714285715,
        0.8666666666666667,
        0.9525,
        0.8941176470588236,
        0.9266666666666666,
        0.92,
        0.956,
        0.9085714285714286
    ],
    "test_accs": [
        0.49992,
        0.50152,
        0.57,
        0.62112,
        0.65616,
        0.6122,
        0.65412,
        0.61196,
        0.56144,
        0.71104,
        0.60196,
        0.67028,
        0.71864,
        0.6424,
        0.66716,
        0.71016,
        0.716,
        0.71752,
        0.74648,
        0.69944,
        0.71864
    ],
    "times_elapsed_query_strategy": [
        26.627823482034728,
        0.0005652080290019512,
        0.00044062105007469654,
        0.0005264990031719208,
        0.0005131529178470373,
        0.0005188221111893654,
        0.0004285569302737713,
        0.0005058478564023972,
        0.00044239405542612076,
        0.0005255390424281359,
        0.0005060918629169464,
        0.000525173032656312,
        0.0005515948869287968,
        0.0005466071888804436,
        0.0005385871045291424,
        0.00045366003178060055,
        0.0005838649813085794,
        0.0005609260406345129,
        0.0004916070029139519,
        0.00048770313151180744,
        0.00046123797073960304
    ],
    "times_elapsed_model": [
        0,
        12.218533648876473,
        15.668255862081423,
        16.24377532606013,
        17.119200328132138,
        18.501467476133257,
        18.702927159843966,
        20.030256153084338,
        17.5803503182251,
        21.19349743705243,
        20.515709036961198,
        22.87589398608543,
        23.73620728799142,
        25.37215221906081,
        25.383773848880082,
        26.551016510929912,
        27.26248568110168,
        27.666102098999545,
        28.383634314872324,
        30.07654467993416,
        30.64805777114816
    ]
}