{
    "args": {
        "num_iterations": 3,
        "batch_size": 20,
        "random_seed": 42,
        "initially_labeled_samples": 25,
        "dataset": "rotten",
        "transformer_model_name": "bert-base-uncased",
        "exp_name": "test"
    },
    "train_accs": [
        0.8888888888888888,
        0.8,
        0.9294117647058824
    ],
    "test_accs": [
        0.5609756097560976,
        0.549718574108818,
        0.6378986866791745
    ],
    "times_elapsed": [
        16.754289112985134,
        16.75086231995374,
        16.80135428905487
    ]
}