{
    "args": {
        "num_iterations": 20,
        "batch_size": 25,
        "random_seed": 46,
        "initially_labeled_samples": 25,
        "dataset": "ag_news",
        "transformer_model_name": "bert-base-uncased",
        "exp_name": "baseline",
        "query_strategy": "MM"
    },
    "train_accs": [
        0.52,
        0.86,
        0.64,
        0.81,
        0.928,
        0.92,
        0.92,
        0.91,
        0.9111111111111111,
        0.936,
        0.7818181818181819,
        0.9233333333333333,
        0.92,
        0.8771428571428571,
        0.9386666666666666,
        0.9275,
        0.92,
        0.8688888888888889,
        0.8947368421052632,
        0.91,
        0.8933333333333333
    ],
    "test_accs": [
        0.3488157894736842,
        0.5439473684210526,
        0.4231578947368421,
        0.5556578947368421,
        0.6314473684210526,
        0.7664473684210527,
        0.8135526315789474,
        0.7982894736842105,
        0.8,
        0.8380263157894737,
        0.746578947368421,
        0.8602631578947368,
        0.8348684210526316,
        0.824078947368421,
        0.8664473684210526,
        0.8606578947368421,
        0.858421052631579,
        0.8671052631578947,
        0.8626315789473684,
        0.8610526315789474,
        0.8739473684210526
    ],
    "times_elapsed_query_strategy": [
        8.081217376049608,
        130.27750825183466,
        130.61637583281845,
        130.5508489869535,
        130.7570626558736,
        130.7628685780801,
        130.8122085079085,
        130.76663417415693,
        130.5812759930268,
        130.7905064150691,
        130.7774115060456,
        130.73894122918136,
        130.80274343909696,
        130.6273465778213,
        130.87668404798023,
        130.95778934587725,
        130.9222153990995,
        130.72209373512305,
        130.88048734911717,
        130.97756974794902,
        130.99170463904738
    ],
    "times_elapsed_model": [
        0,
        14.661387111060321,
        15.999155494151637,
        16.923324862960726,
        17.147022458026186,
        17.95779659994878,
        19.24619738291949,
        20.02936295303516,
        21.075729158939794,
        21.630116872955114,
        22.539648381061852,
        23.375732551096007,
        24.019224791787565,
        24.839461630908772,
        25.53570885513909,
        26.350659484043717,
        27.407988109160215,
        28.453448605025187,
        29.240526435896754,
        30.041457670973614,
        30.573024318087846
    ]
}