{
    "args": {
        "num_iterations": 20,
        "batch_size": 25,
        "random_seed": 45,
        "initially_labeled_samples": 25,
        "dataset": "rotten",
        "transformer_model_name": "bert-base-uncased",
        "exp_name": "baseline",
        "query_strategy": "MM"
    },
    "train_accs": [
        0.6,
        0.66,
        0.92,
        0.93,
        0.944,
        0.9666666666666667,
        0.9428571428571428,
        0.93,
        0.9288888888888889,
        0.94,
        0.9418181818181818,
        0.9433333333333334,
        0.9015384615384615,
        0.9228571428571428,
        0.9413333333333334,
        0.925,
        0.9552941176470588,
        0.9444444444444444,
        0.9705263157894737,
        0.968,
        0.9714285714285714
    ],
    "test_accs": [
        0.5140712945590994,
        0.5075046904315197,
        0.6388367729831145,
        0.6538461538461539,
        0.6829268292682927,
        0.7110694183864915,
        0.7842401500938087,
        0.6969981238273921,
        0.6810506566604128,
        0.7270168855534709,
        0.7110694183864915,
        0.7617260787992496,
        0.773921200750469,
        0.7626641651031895,
        0.7551594746716698,
        0.8020637898686679,
        0.801125703564728,
        0.8161350844277674,
        0.7917448405253283,
        0.8208255159474672,
        0.800187617260788
    ],
    "times_elapsed_query_strategy": [
        1.1673152870498598,
        9.136145812924951,
        9.155077073024586,
        9.172093814937398,
        9.17881530802697,
        9.187424900010228,
        9.263412748929113,
        9.200185621157289,
        9.201828305842355,
        9.195923478109762,
        9.201693862909451,
        9.274462707107887,
        9.204822251107544,
        9.21038456284441,
        9.20582645619288,
        9.21172398305498,
        9.207652121083811,
        9.211909824982285,
        9.212854281067848,
        9.223013137932867,
        9.284589626826346
    ],
    "times_elapsed_model": [
        0,
        14.6719700419344,
        16.32518946006894,
        16.370418628910556,
        17.26468463987112,
        18.13765754410997,
        18.776552001014352,
        19.618195071117952,
        20.778625737177208,
        21.656215326162055,
        22.35319024603814,
        23.235193968983367,
        23.74731844617054,
        24.630130178062245,
        25.12273331009783,
        25.729515434941277,
        26.829301733057946,
        28.229755314067006,
        28.777219550916925,
        29.938147153006867,
        30.0450748950243
    ]
}