{
    "args": {
        "num_iterations": 20,
        "batch_size": 25,
        "random_seed": 45,
        "initially_labeled_samples": 25,
        "dataset": "imdb",
        "transformer_model_name": "bert-base-uncased",
        "exp_name": "baseline",
        "query_strategy": "LC"
    },
    "train_accs": [
        0.84,
        0.6,
        0.76,
        0.93,
        0.936,
        0.92,
        0.9314285714285714,
        0.905,
        0.9066666666666666,
        0.852,
        0.8727272727272727,
        0.9033333333333333,
        0.9261538461538461,
        0.8657142857142858,
        0.8906666666666667,
        0.935,
        0.9152941176470588,
        0.9533333333333334,
        0.9578947368421052,
        0.908,
        0.9238095238095239
    ],
    "test_accs": [
        0.50856,
        0.50168,
        0.5498,
        0.58536,
        0.59096,
        0.59844,
        0.62916,
        0.62616,
        0.6188,
        0.64252,
        0.61824,
        0.68488,
        0.65768,
        0.70704,
        0.6854,
        0.71684,
        0.70908,
        0.69368,
        0.74216,
        0.75212,
        0.75804
    ],
    "times_elapsed_query_strategy": [
        26.58894196106121,
        26.941634903196245,
        27.085841996129602,
        27.127732809865847,
        27.154296488966793,
        27.31332179508172,
        27.175194742158055,
        27.317790493136272,
        27.179158688057214,
        27.30654374998994,
        27.214766127057374,
        27.206730554113165,
        27.215855868998915,
        27.218046955997124,
        27.33814221713692,
        27.216708639869466,
        27.332875282969326,
        27.203547538025305,
        27.309653233969584,
        27.223817048128694,
        27.326681039994583
    ],
    "times_elapsed_model": [
        0,
        14.760916369967163,
        16.367067750077695,
        16.738496620906517,
        17.70859358087182,
        18.491800365038216,
        19.195011741947383,
        20.113646352896467,
        20.872250051936135,
        21.612411900190637,
        22.60483302711509,
        23.38256514305249,
        23.969737004954368,
        24.760580711998045,
        25.762954796897247,
        26.502902896841988,
        27.140100279822946,
        28.137865643948317,
        29.04782694601454,
        29.969724978785962,
        30.32865402987227
    ]
}