{
    "args": {
        "num_iterations": 20,
        "batch_size": 25,
        "random_seed": 44,
        "initially_labeled_samples": 25,
        "dataset": "subj",
        "transformer_model_name": "bert-base-uncased",
        "exp_name": "baseline",
        "query_strategy": "LC"
    },
    "train_accs": [
        1.0,
        0.9,
        0.9733333333333334,
        0.88,
        0.96,
        0.9533333333333334,
        0.9428571428571428,
        0.98,
        0.9733333333333334,
        0.968,
        0.9454545454545454,
        0.9733333333333334,
        0.9507692307692308,
        0.9428571428571428,
        0.9706666666666667,
        0.97,
        0.9788235294117648,
        0.9711111111111111,
        0.9768421052631578,
        0.964,
        0.9714285714285714
    ],
    "test_accs": [
        0.7805,
        0.699,
        0.896,
        0.8405,
        0.8955,
        0.9375,
        0.9235,
        0.9395,
        0.9415,
        0.942,
        0.9305,
        0.9465,
        0.943,
        0.942,
        0.952,
        0.9565,
        0.958,
        0.936,
        0.956,
        0.9585,
        0.9555
    ],
    "times_elapsed_query_strategy": [
        2.161869906121865,
        8.553988790139556,
        8.58431756705977,
        8.600357154151425,
        8.60148416296579,
        8.601756755961105,
        8.603040919872,
        8.608371536945924,
        8.612156983930618,
        8.608802515082061,
        8.613918327027932,
        8.617181709036231,
        8.615857968106866,
        8.615026964107528,
        8.616111104143783,
        8.622163275023922,
        8.622415827121586,
        8.624522616853938,
        8.636700483039021,
        8.63275832706131,
        8.639312860090286
    ],
    "times_elapsed_model": [
        0,
        14.353603176074103,
        15.593522798968479,
        18.215891432017088,
        16.90790463006124,
        17.74327079486102,
        18.565563857089728,
        19.328678626101464,
        20.191152432002127,
        21.040613778866827,
        22.267166721867397,
        22.80649437592365,
        23.508958922931924,
        24.36312625091523,
        25.13055860204622,
        25.912450341973454,
        26.304050008999184,
        27.549226173898205,
        28.712343299994245,
        29.542179496958852,
        30.037129004951566
    ]
}