{
    "args": {
        "num_iterations": 20,
        "batch_size": 25,
        "random_seed": 43,
        "initially_labeled_samples": 25,
        "dataset": "trec6",
        "transformer_model_name": "bert-base-uncased",
        "exp_name": "baseline",
        "query_strategy": "LC"
    },
    "train_accs": [
        0.4,
        0.16,
        0.21333333333333335,
        0.24,
        0.464,
        0.4066666666666667,
        0.4342857142857143,
        0.395,
        0.5733333333333334,
        0.472,
        0.5163636363636364,
        0.5966666666666667,
        0.47692307692307695,
        0.5485714285714286,
        0.696,
        0.4275,
        0.5788235294117647,
        0.6866666666666666,
        0.6673684210526316,
        0.392,
        0.7066666666666667
    ],
    "test_accs": [
        0.134,
        0.146,
        0.154,
        0.188,
        0.242,
        0.228,
        0.388,
        0.362,
        0.408,
        0.384,
        0.46,
        0.486,
        0.448,
        0.494,
        0.584,
        0.362,
        0.604,
        0.734,
        0.706,
        0.44,
        0.634
    ],
    "times_elapsed_query_strategy": [
        0.5743520299438387,
        5.837967546889558,
        5.83426507608965,
        5.839928111992776,
        5.835922149941325,
        5.8421210260130465,
        5.845001571811736,
        5.847703046863899,
        5.9186883110087365,
        5.846192538971081,
        5.849060361040756,
        5.849611197831109,
        5.850895774085075,
        5.8535333529580384,
        5.855812300927937,
        5.855735887074843,
        5.856985416961834,
        5.863582593854517,
        5.867036874871701,
        5.870974614052102,
        5.870618257904425
    ],
    "times_elapsed_model": [
        0,
        14.193137977970764,
        15.65014481288381,
        15.487888851901516,
        16.846557531040162,
        17.74070033780299,
        17.270817396929488,
        19.26900728791952,
        20.076740487013012,
        20.89667999697849,
        22.139623875031248,
        22.63409829698503,
        23.141301613068208,
        23.839163539931178,
        24.920547935180366,
        25.75042453617789,
        26.269287351053208,
        27.35778229404241,
        28.01572789112106,
        29.055743559030816,
        29.586198675911874
    ]
}