{
    "args": {
        "num_iterations": 20,
        "batch_size": 25,
        "random_seed": 46,
        "initially_labeled_samples": 25,
        "dataset": "ag_news",
        "transformer_model_name": "bert-base-uncased",
        "exp_name": "baseline",
        "query_strategy": "Rand"
    },
    "train_accs": [
        0.52,
        0.86,
        0.9066666666666666,
        0.73,
        0.856,
        0.8333333333333334,
        0.8228571428571428,
        0.955,
        0.92,
        0.912,
        0.9090909090909091,
        0.9333333333333333,
        0.9415384615384615,
        0.9542857142857143,
        0.9253333333333333,
        0.935,
        0.9223529411764706,
        0.9622222222222222,
        0.9557894736842105,
        0.956,
        0.9504761904761905
    ],
    "test_accs": [
        0.3488157894736842,
        0.46671052631578946,
        0.5988157894736842,
        0.5375,
        0.6782894736842106,
        0.6972368421052632,
        0.7225,
        0.7784210526315789,
        0.7776315789473685,
        0.7688157894736842,
        0.7963157894736842,
        0.8428947368421053,
        0.8407894736842105,
        0.8576315789473684,
        0.8581578947368421,
        0.8605263157894737,
        0.8252631578947368,
        0.8667105263157895,
        0.8735526315789474,
        0.8698684210526316,
        0.8690789473684211
    ],
    "times_elapsed_query_strategy": [
        8.104119632858783,
        0.002214779844507575,
        0.0024282620288431644,
        0.0021325668785721064,
        0.0021817630622535944,
        0.0021568068768829107,
        0.00202252808958292,
        0.0021629338152706623,
        0.0019905399531126022,
        0.0021386200096458197,
        0.002195002045482397,
        0.002148960018530488,
        0.0021646921522915363,
        0.0021830361802130938,
        0.0020355109591037035,
        0.002051966032013297,
        0.002071077935397625,
        0.002124480903148651,
        0.002073566894978285,
        0.002130920998752117,
        0.002155266935005784
    ],
    "times_elapsed_model": [
        0,
        14.609815339092165,
        16.185490470845252,
        16.795000499114394,
        17.133917410857975,
        18.300778440898284,
        19.170388652943075,
        20.489679446909577,
        21.370339669054374,
        21.270808923058212,
        22.678743578027934,
        23.771867210045457,
        24.24429704202339,
        24.98883601813577,
        25.732571048894897,
        26.615394985070452,
        27.13000542600639,
        28.63608188391663,
        28.624780847225338,
        30.10361548117362,
        30.810136671876535
    ]
}