{
    "args": {
        "num_iterations": 20,
        "batch_size": 25,
        "random_seed": 45,
        "initially_labeled_samples": 25,
        "dataset": "imdb",
        "transformer_model_name": "bert-base-uncased",
        "exp_name": "baseline",
        "query_strategy": "MM"
    },
    "train_accs": [
        0.84,
        0.6,
        0.76,
        0.93,
        0.936,
        0.92,
        0.9314285714285714,
        0.905,
        0.9066666666666666,
        0.852,
        0.8727272727272727,
        0.9033333333333333,
        0.9261538461538461,
        0.8657142857142858,
        0.8906666666666667,
        0.935,
        0.9152941176470588,
        0.9533333333333334,
        0.9578947368421052,
        0.908,
        0.9238095238095239
    ],
    "test_accs": [
        0.50856,
        0.50168,
        0.5498,
        0.58536,
        0.59096,
        0.59844,
        0.62916,
        0.62616,
        0.6188,
        0.64252,
        0.61824,
        0.68488,
        0.65768,
        0.70704,
        0.6854,
        0.71684,
        0.70908,
        0.69368,
        0.74216,
        0.75212,
        0.75804
    ],
    "times_elapsed_query_strategy": [
        26.538245213916525,
        26.974359248997644,
        27.115062929922715,
        27.13013515388593,
        27.135107124922797,
        27.283423826796934,
        27.16785973100923,
        27.290230598067865,
        27.18762289499864,
        27.309182811994106,
        27.18675232795067,
        27.185282203136012,
        27.19082265906036,
        27.190544334007427,
        27.31439784890972,
        27.194152223179117,
        27.305134783964604,
        27.177706371061504,
        27.295192702906206,
        27.172590500907972,
        27.314966017846018
    ],
    "times_elapsed_model": [
        0,
        14.615499206120148,
        15.728191174799576,
        16.547782022040337,
        17.603916328167543,
        18.572157085873187,
        19.30854468489997,
        19.554630615049973,
        20.49503635498695,
        21.222461126046255,
        22.207671894924715,
        23.038429682841524,
        23.547664353856817,
        24.471712994156405,
        25.336884770076722,
        26.07906446303241,
        26.652837058063596,
        28.056091248057783,
        28.25180943403393,
        29.686666827183217,
        30.159095131093636
    ]
}