{
    "args": {
        "num_iterations": 20,
        "batch_size": 25,
        "random_seed": 44,
        "initially_labeled_samples": 25,
        "dataset": "trec6",
        "transformer_model_name": "bert-base-uncased",
        "exp_name": "baseline",
        "query_strategy": "MM"
    },
    "train_accs": [
        0.24,
        0.04,
        0.30666666666666664,
        0.37,
        0.024,
        0.38,
        0.21142857142857144,
        0.315,
        0.5866666666666667,
        0.468,
        0.45454545454545453,
        0.42,
        0.7107692307692308,
        0.7885714285714286,
        0.7573333333333333,
        0.6775,
        0.731764705882353,
        0.78,
        0.6736842105263158,
        0.762,
        0.900952380952381
    ],
    "test_accs": [
        0.19,
        0.03,
        0.242,
        0.35,
        0.018,
        0.242,
        0.094,
        0.22,
        0.466,
        0.358,
        0.416,
        0.368,
        0.678,
        0.768,
        0.692,
        0.63,
        0.684,
        0.768,
        0.576,
        0.728,
        0.87
    ],
    "times_elapsed_query_strategy": [
        0.5604576759506017,
        5.912197689991444,
        5.836485767969862,
        5.836464843014255,
        5.837702459888533,
        5.848487138049677,
        5.85561086400412,
        5.85964420880191,
        5.865008851978928,
        5.8710152809508145,
        5.873023895779625,
        5.872267721919343,
        5.871674109948799,
        5.86735342303291,
        5.874953477876261,
        5.870459851110354,
        5.8743268481921405,
        5.8742169609759,
        5.868607348995283,
        5.870765432016924,
        5.877065376145765
    ],
    "times_elapsed_model": [
        0,
        12.260475255781785,
        16.197516462067142,
        16.979428169084713,
        14.161653181072325,
        17.204673839034513,
        15.430260339053348,
        20.017278388841078,
        20.841241749934852,
        21.531089728930965,
        20.686558451037854,
        20.092119921930134,
        23.99268056685105,
        24.664275855058804,
        25.573292313842103,
        26.226735050790012,
        27.037113714031875,
        27.889500852907076,
        28.626948464894667,
        29.892510306090117,
        30.39680424402468
    ]
}