{
    "args": {
        "num_iterations": 20,
        "batch_size": 25,
        "random_seed": 45,
        "initially_labeled_samples": 25,
        "dataset": "ag_news",
        "transformer_model_name": "bert-base-uncased",
        "exp_name": "baseline",
        "query_strategy": "LC"
    },
    "train_accs": [
        0.8,
        0.68,
        0.21333333333333335,
        0.48,
        0.28,
        0.64,
        0.6571428571428571,
        0.94,
        0.6488888888888888,
        0.464,
        0.64,
        0.5166666666666667,
        0.6584615384615384,
        0.72,
        0.4266666666666667,
        0.7625,
        0.7670588235294118,
        0.5222222222222223,
        0.5557894736842105,
        0.87,
        0.7638095238095238
    ],
    "test_accs": [
        0.4126315789473684,
        0.35605263157894734,
        0.3352631578947368,
        0.5163157894736842,
        0.4506578947368421,
        0.5602631578947368,
        0.6205263157894737,
        0.7656578947368421,
        0.699078947368421,
        0.651578947368421,
        0.6486842105263158,
        0.640921052631579,
        0.725,
        0.7436842105263158,
        0.6611842105263158,
        0.7623684210526316,
        0.7778947368421053,
        0.6806578947368421,
        0.7247368421052631,
        0.8101315789473684,
        0.7821052631578947
    ],
    "times_elapsed_query_strategy": [
        8.10266275005415,
        130.28267284599133,
        130.71031981799752,
        130.5798800571356,
        130.7428681810852,
        130.7323230090551,
        130.84448970318772,
        130.9065987151116,
        130.69107774994336,
        130.81314610410482,
        130.82626525405794,
        130.93307757517323,
        130.67029744200408,
        130.91631600400433,
        130.84249372896738,
        130.8952467928175,
        130.8760124798864,
        130.88666274189018,
        130.6344374709297,
        130.82469343207777,
        130.8688459789846
    ],
    "times_elapsed_model": [
        0,
        14.961382220033556,
        14.739353567129001,
        17.126652594888583,
        17.984376958105713,
        19.223145469091833,
        19.18067129002884,
        19.98608146305196,
        21.167063631117344,
        21.561493836110458,
        22.7686486330349,
        23.454095860943198,
        24.21802454115823,
        24.82713519805111,
        26.272056536050513,
        26.608012774959207,
        27.410503062885255,
        28.231788713950664,
        28.91624727495946,
        30.406038840999827,
        30.69005024805665
    ]
}