{
    "args": {
        "num_iterations": 20,
        "batch_size": 25,
        "random_seed": 44,
        "initially_labeled_samples": 25,
        "dataset": "rotten",
        "transformer_model_name": "bert-base-uncased",
        "exp_name": "baseline",
        "query_strategy": "LC"
    },
    "train_accs": [
        0.52,
        0.56,
        0.8933333333333333,
        0.66,
        0.952,
        0.92,
        0.9371428571428572,
        0.74,
        0.7955555555555556,
        0.94,
        0.8836363636363637,
        0.5733333333333334,
        0.9538461538461539,
        0.9714285714285714,
        0.928,
        0.9425,
        0.9623529411764706,
        0.9533333333333334,
        0.9452631578947368,
        0.974,
        0.9542857142857143
    ],
    "test_accs": [
        0.50187617260788,
        0.50093808630394,
        0.6050656660412758,
        0.5103189493433395,
        0.650093808630394,
        0.6594746716697936,
        0.651031894934334,
        0.6078799249530957,
        0.5853658536585366,
        0.7570356472795498,
        0.7195121951219512,
        0.5328330206378987,
        0.7654784240150094,
        0.7504690431519699,
        0.725140712945591,
        0.8020637898686679,
        0.7861163227016885,
        0.8086303939962477,
        0.7692307692307693,
        0.8048780487804879,
        0.8048780487804879
    ],
    "times_elapsed_query_strategy": [
        1.1666230119299144,
        9.119118933100253,
        9.146594599122182,
        9.155357875861228,
        9.166131841018796,
        9.168611702974886,
        9.170874227071181,
        9.17848216718994,
        9.176448591984808,
        9.182776926085353,
        9.188840650953352,
        9.18682448589243,
        9.191058031050488,
        9.190528880106285,
        9.194961765082553,
        9.195529520045966,
        9.196308040060103,
        9.190462969942018,
        9.201255992986262,
        9.20361145096831,
        9.20344395795837
    ],
    "times_elapsed_model": [
        0,
        12.105170254828408,
        16.125179215101525,
        13.982556886970997,
        17.432318478124216,
        18.419098088052124,
        19.115608704043552,
        17.273554458050057,
        21.038320038933307,
        21.62591434805654,
        22.516743605956435,
        18.496621751924977,
        23.947217751992866,
        24.675553642911837,
        26.11269857105799,
        26.54511776100844,
        27.360225326847285,
        27.99857000890188,
        28.705461798002943,
        29.865807466208935,
        30.589874501805753
    ]
}