{
    "args": {
        "num_iterations": 20,
        "batch_size": 25,
        "random_seed": 43,
        "initially_labeled_samples": 25,
        "dataset": "subj",
        "transformer_model_name": "bert-base-uncased",
        "exp_name": "baseline",
        "query_strategy": "MM"
    },
    "train_accs": [
        1.0,
        0.96,
        0.8533333333333334,
        0.98,
        0.96,
        0.96,
        0.9714285714285714,
        0.97,
        0.9911111111111112,
        0.98,
        0.9345454545454546,
        0.9766666666666667,
        0.9784615384615385,
        0.9371428571428572,
        0.9813333333333333,
        0.9725,
        0.971764705882353,
        0.9511111111111111,
        0.9831578947368421,
        0.972,
        0.9733333333333334
    ],
    "test_accs": [
        0.839,
        0.833,
        0.7965,
        0.9035,
        0.9075,
        0.8995,
        0.923,
        0.932,
        0.9345,
        0.9345,
        0.9355,
        0.9495,
        0.9505,
        0.9335,
        0.945,
        0.9495,
        0.957,
        0.9575,
        0.949,
        0.959,
        0.955
    ],
    "times_elapsed_query_strategy": [
        2.169700498925522,
        8.552745694061741,
        8.57197439414449,
        8.59091885597445,
        8.61203908501193,
        8.600586897926405,
        8.600143924122676,
        8.60575560783036,
        8.610645835986361,
        8.613521357998252,
        8.612834091996774,
        8.626742207910866,
        8.633417184930295,
        8.63424897287041,
        8.636574694886804,
        8.725682680960745,
        8.639499178854749,
        8.633105117129162,
        8.642232443904504,
        8.646573613863438,
        8.726089476142079
    ],
    "times_elapsed_model": [
        0,
        14.493466679938138,
        14.426962004974484,
        16.523845405783504,
        16.798529256135225,
        18.139368696138263,
        19.076047613983974,
        19.208756720880046,
        20.28734797798097,
        21.041774581884965,
        21.879115057876334,
        22.964413140900433,
        24.03728512697853,
        24.267770730890334,
        25.378537822980434,
        26.1126670348458,
        26.590631386032328,
        27.589668720029294,
        28.84394830605015,
        29.25979657494463,
        29.94002751982771
    ]
}