{
    "args": {
        "num_iterations": 20,
        "batch_size": 25,
        "random_seed": 44,
        "initially_labeled_samples": 25,
        "dataset": "subj",
        "transformer_model_name": "bert-base-uncased",
        "exp_name": "baseline",
        "query_strategy": "Ent"
    },
    "train_accs": [
        1.0,
        0.9,
        0.9733333333333334,
        0.88,
        0.96,
        0.9533333333333334,
        0.9428571428571428,
        0.98,
        0.9733333333333334,
        0.968,
        0.9454545454545454,
        0.9733333333333334,
        0.9507692307692308,
        0.9428571428571428,
        0.9706666666666667,
        0.97,
        0.9788235294117648,
        0.9711111111111111,
        0.9768421052631578,
        0.964,
        0.9714285714285714
    ],
    "test_accs": [
        0.7805,
        0.699,
        0.896,
        0.8405,
        0.8955,
        0.9375,
        0.9235,
        0.9395,
        0.9415,
        0.942,
        0.9305,
        0.9465,
        0.943,
        0.942,
        0.952,
        0.9565,
        0.958,
        0.936,
        0.956,
        0.9585,
        0.9555
    ],
    "times_elapsed_query_strategy": [
        2.1614601330365986,
        8.65330965211615,
        8.686563519062474,
        8.694621244911104,
        8.694009200902656,
        8.696281532058492,
        8.68694523582235,
        8.70173246297054,
        8.702241744846106,
        8.704365229001269,
        8.707812514156103,
        8.711078461958095,
        8.712765295989811,
        8.709217722993344,
        8.71493364800699,
        8.725642391946167,
        8.715049535036087,
        8.71979988599196,
        8.719326510094106,
        8.728402376873419,
        8.730242647929117
    ],
    "times_elapsed_model": [
        0,
        15.43610862409696,
        15.904322209069505,
        16.406827518017963,
        17.480398008832708,
        18.219015458831564,
        19.115072305779904,
        20.051282616099343,
        20.56618604110554,
        21.729881170904264,
        21.99529819190502,
        23.246702251955867,
        23.92690378194675,
        24.47008969192393,
        25.652796908980235,
        26.23966810083948,
        26.966417384101078,
        27.563655678881332,
        28.781244348036125,
        29.521956762997434,
        30.628635809989646
    ]
}