{
    "args": {
        "num_iterations": 20,
        "batch_size": 25,
        "random_seed": 43,
        "initially_labeled_samples": 25,
        "dataset": "trec6",
        "transformer_model_name": "bert-base-uncased",
        "exp_name": "baseline",
        "query_strategy": "Ent"
    },
    "train_accs": [
        0.4,
        0.26,
        0.18666666666666668,
        0.52,
        0.336,
        0.18,
        0.3657142857142857,
        0.29,
        0.28444444444444444,
        0.2,
        0.33454545454545453,
        0.6,
        0.49846153846153846,
        0.48,
        0.5626666666666666,
        0.67,
        0.8164705882352942,
        0.5644444444444444,
        0.47157894736842104,
        0.636,
        0.659047619047619
    ],
    "test_accs": [
        0.134,
        0.134,
        0.13,
        0.39,
        0.244,
        0.062,
        0.128,
        0.236,
        0.228,
        0.226,
        0.282,
        0.448,
        0.518,
        0.334,
        0.486,
        0.722,
        0.748,
        0.518,
        0.542,
        0.682,
        0.732
    ],
    "times_elapsed_query_strategy": [
        0.5612424940336496,
        5.891485252883285,
        5.8871979580726475,
        5.885430604917929,
        5.88585411105305,
        5.888858885969967,
        5.893366095144302,
        5.901949341176078,
        5.902536286972463,
        5.909397748997435,
        5.9106175750494,
        5.914428184973076,
        5.916374637978151,
        5.92067587794736,
        5.921407719142735,
        5.920291651040316,
        5.928242457099259,
        5.927722280146554,
        5.930459318915382,
        5.93085866398178,
        5.934728442924097
    ],
    "times_elapsed_model": [
        0,
        14.42048784904182,
        12.965613303007558,
        16.176734521985054,
        16.90330456988886,
        15.028938504867256,
        18.732871905900538,
        17.958315171999857,
        20.108797722961754,
        16.77762114093639,
        18.56212634104304,
        23.043708477169275,
        23.852595929056406,
        24.406502282014117,
        25.389733548043296,
        25.714169703889638,
        26.806169875897467,
        27.78653033101,
        28.271506021963432,
        29.49038106086664,
        30.011732171988115
    ]
}