{
    "args": {
        "num_iterations": 20,
        "batch_size": 25,
        "random_seed": 46,
        "initially_labeled_samples": 25,
        "dataset": "imdb",
        "transformer_model_name": "bert-base-uncased",
        "exp_name": "baseline",
        "query_strategy": "Ent"
    },
    "train_accs": [
        0.64,
        0.96,
        0.8933333333333333,
        0.96,
        0.6,
        0.9733333333333334,
        0.9485714285714286,
        0.935,
        0.9377777777777778,
        0.9,
        0.9090909090909091,
        0.87,
        0.6923076923076923,
        0.9142857142857143,
        0.8986666666666666,
        0.92,
        0.9341176470588235,
        0.8666666666666667,
        0.8442105263157895,
        0.934,
        0.8971428571428571
    ],
    "test_accs": [
        0.48244,
        0.5166,
        0.5482,
        0.563,
        0.50676,
        0.593,
        0.66696,
        0.60096,
        0.64056,
        0.5786,
        0.6142,
        0.58816,
        0.54432,
        0.66448,
        0.71228,
        0.71704,
        0.68656,
        0.70184,
        0.71276,
        0.71172,
        0.72132
    ],
    "times_elapsed_query_strategy": [
        26.606605933979154,
        27.224453514209017,
        27.363405431155115,
        27.405764723895118,
        27.438309052959085,
        27.593876810045913,
        27.471295102965087,
        27.621757741086185,
        27.48448586696759,
        27.633869292913005,
        27.50194789399393,
        27.48891473398544,
        27.494257541839033,
        27.491506685037166,
        27.502006127964705,
        27.499685182934627,
        27.62437415192835,
        27.50027615088038,
        27.638370205182582,
        27.506068295100704,
        27.490369440987706
    ],
    "times_elapsed_model": [
        0,
        14.381144093116745,
        15.961521269986406,
        16.480532250134274,
        14.80540376296267,
        17.855487579014152,
        18.567837750073522,
        19.239217974012718,
        20.807905595982447,
        21.35199689702131,
        22.028148412005976,
        23.609382366063073,
        18.951083068968728,
        24.292864526156336,
        25.725239272927865,
        25.96380120003596,
        26.81971675902605,
        27.637722715968266,
        28.166080007096753,
        29.356371184112504,
        29.96337242401205
    ]
}