{
    "args": {
        "num_iterations": 20,
        "batch_size": 25,
        "random_seed": 46,
        "initially_labeled_samples": 25,
        "dataset": "rotten",
        "transformer_model_name": "bert-base-uncased",
        "exp_name": "baseline",
        "query_strategy": "LC"
    },
    "train_accs": [
        1.0,
        0.84,
        0.9066666666666666,
        0.57,
        0.712,
        0.9333333333333333,
        0.92,
        0.95,
        0.9377777777777778,
        0.948,
        0.9163636363636364,
        0.97,
        0.9692307692307692,
        0.9457142857142857,
        0.9306666666666666,
        0.9575,
        0.9505882352941176,
        0.9644444444444444,
        0.9578947368421052,
        0.962,
        0.9638095238095238
    ],
    "test_accs": [
        0.5656660412757973,
        0.5469043151969981,
        0.6210131332082551,
        0.50093808630394,
        0.5150093808630394,
        0.6397748592870544,
        0.7213883677298312,
        0.6941838649155723,
        0.7091932457786116,
        0.773921200750469,
        0.774859287054409,
        0.7392120075046904,
        0.7701688555347092,
        0.8030018761726079,
        0.7073170731707317,
        0.7720450281425891,
        0.7889305816135085,
        0.7842401500938087,
        0.7701688555347092,
        0.797373358348968,
        0.7879924953095685
    ],
    "times_elapsed_query_strategy": [
        1.1692090411670506,
        9.119134881068021,
        9.128629667917266,
        9.142286710906774,
        9.152746835025027,
        9.164454239886254,
        9.169400056125596,
        9.172528026159853,
        9.179108852054924,
        9.178674589144066,
        9.185327430954203,
        9.185039208969101,
        9.199105401989073,
        9.20413646986708,
        9.208712342893705,
        9.281584241893142,
        9.213069116929546,
        9.214237521169707,
        9.212416016031057,
        9.213693456957117,
        9.214931099908426
    ],
    "times_elapsed_model": [
        0,
        14.698937968118116,
        15.822661395883188,
        13.486070276936516,
        17.294645573943853,
        18.313915266888216,
        18.659685994964093,
        19.484722957015038,
        21.077829734189436,
        21.08968993811868,
        22.046922672074288,
        23.023322160122916,
        23.686875215964392,
        24.487699687015265,
        25.862884692149237,
        26.497591636143625,
        26.7057027220726,
        27.566981662996113,
        28.295209805946797,
        29.937031109118834,
        30.36541315098293
    ]
}