{
    "args": {
        "num_iterations": 20,
        "batch_size": 25,
        "random_seed": 44,
        "initially_labeled_samples": 25,
        "dataset": "rotten",
        "transformer_model_name": "bert-base-uncased",
        "exp_name": "baseline",
        "query_strategy": "MM"
    },
    "train_accs": [
        0.52,
        0.56,
        0.8933333333333333,
        0.66,
        0.952,
        0.92,
        0.9371428571428572,
        0.74,
        0.7955555555555556,
        0.94,
        0.8836363636363637,
        0.5733333333333334,
        0.9538461538461539,
        0.9714285714285714,
        0.928,
        0.9425,
        0.9623529411764706,
        0.9533333333333334,
        0.9452631578947368,
        0.974,
        0.9542857142857143
    ],
    "test_accs": [
        0.50187617260788,
        0.50093808630394,
        0.6050656660412758,
        0.5103189493433395,
        0.650093808630394,
        0.6594746716697936,
        0.651031894934334,
        0.6078799249530957,
        0.5853658536585366,
        0.7570356472795498,
        0.7195121951219512,
        0.5328330206378987,
        0.7654784240150094,
        0.7504690431519699,
        0.725140712945591,
        0.8020637898686679,
        0.7861163227016885,
        0.8086303939962477,
        0.7692307692307693,
        0.8048780487804879,
        0.8048780487804879
    ],
    "times_elapsed_query_strategy": [
        1.1669695449527353,
        9.130456478102133,
        9.14149159193039,
        9.157557282131165,
        9.156389286974445,
        9.167090262053534,
        9.176314756972715,
        9.171618927968666,
        9.175210638903081,
        9.174424606841058,
        9.18366033793427,
        9.190170071087778,
        9.196013248059899,
        9.182463950943202,
        9.192768255947158,
        9.198959245812148,
        9.197633316973224,
        9.200626472942531,
        9.197815380990505,
        9.213006167905405,
        9.208932449109852
    ],
    "times_elapsed_model": [
        0,
        12.553095864830539,
        16.447628052905202,
        13.91467834985815,
        17.398435567039996,
        18.527966103050858,
        19.25814619800076,
        17.23429261194542,
        20.886523919878528,
        21.7954231610056,
        22.385803166078404,
        18.26731771696359,
        24.10091194580309,
        24.783034078776836,
        25.55829325201921,
        26.385278665926307,
        27.144330858020112,
        28.057296701939777,
        28.78096584090963,
        29.867249754955992,
        30.551545397145674
    ]
}