{
    "args": {
        "num_iterations": 20,
        "batch_size": 25,
        "random_seed": 42,
        "initially_labeled_samples": 25,
        "dataset": "trec6",
        "transformer_model_name": "bert-base-uncased",
        "exp_name": "baseline",
        "query_strategy": "Ent"
    },
    "train_accs": [
        0.28,
        0.46,
        0.4666666666666667,
        0.34,
        0.272,
        0.58,
        0.38285714285714284,
        0.395,
        0.36,
        0.376,
        0.37454545454545457,
        0.25666666666666665,
        0.2523076923076923,
        0.19428571428571428,
        0.5226666666666666,
        0.1525,
        0.3176470588235294,
        0.46444444444444444,
        0.3957894736842105,
        0.26,
        0.38095238095238093
    ],
    "test_accs": [
        0.24,
        0.12,
        0.252,
        0.29,
        0.312,
        0.444,
        0.326,
        0.404,
        0.346,
        0.424,
        0.336,
        0.244,
        0.394,
        0.354,
        0.432,
        0.326,
        0.498,
        0.472,
        0.508,
        0.29,
        0.498
    ],
    "times_elapsed_query_strategy": [
        0.5621380510274321,
        5.895526020089164,
        5.88930042902939,
        5.882940121926367,
        5.886602078797296,
        5.882517982041463,
        5.893709206022322,
        5.904077106853947,
        5.907460797810927,
        5.910814897157252,
        5.912027281941846,
        5.915159882977605,
        5.920795792015269,
        5.926268975948915,
        5.926116489106789,
        5.922607007902116,
        5.926914867945015,
        5.92829927499406,
        5.930823378032073,
        5.935307858046144,
        5.937488710042089
    ],
    "times_elapsed_model": [
        0,
        14.363432917976752,
        16.519564802991226,
        16.480923391878605,
        15.82966539915651,
        18.105860128998756,
        18.565351597964764,
        19.12818578700535,
        20.35420847311616,
        20.828986041015014,
        21.620494303060696,
        22.757330616004765,
        23.381599468179047,
        24.616264414973557,
        25.27302190498449,
        26.20621280395426,
        26.317785204853863,
        27.47749591083266,
        28.186076400103047,
        24.79400183004327,
        29.71962219197303
    ]
}