{
    "args": {
        "num_iterations": 20,
        "batch_size": 25,
        "random_seed": 44,
        "initially_labeled_samples": 25,
        "dataset": "rotten",
        "transformer_model_name": "bert-base-uncased",
        "exp_name": "baseline",
        "query_strategy": "Ent"
    },
    "train_accs": [
        0.52,
        0.56,
        0.8933333333333333,
        0.66,
        0.952,
        0.92,
        0.9371428571428572,
        0.74,
        0.7955555555555556,
        0.94,
        0.8836363636363637,
        0.5733333333333334,
        0.9538461538461539,
        0.9714285714285714,
        0.928,
        0.9425,
        0.9623529411764706,
        0.9533333333333334,
        0.9452631578947368,
        0.974,
        0.9542857142857143
    ],
    "test_accs": [
        0.50187617260788,
        0.50093808630394,
        0.6050656660412758,
        0.5103189493433395,
        0.650093808630394,
        0.6594746716697936,
        0.651031894934334,
        0.6078799249530957,
        0.5853658536585366,
        0.7570356472795498,
        0.7195121951219512,
        0.5328330206378987,
        0.7654784240150094,
        0.7504690431519699,
        0.725140712945591,
        0.8020637898686679,
        0.7861163227016885,
        0.8086303939962477,
        0.7692307692307693,
        0.8048780487804879,
        0.8048780487804879
    ],
    "times_elapsed_query_strategy": [
        1.1677599749527872,
        9.227762920083478,
        9.24499852815643,
        9.249990448122844,
        9.257144931936637,
        9.256174337118864,
        9.258855737978593,
        9.265537361148745,
        9.271517395041883,
        9.26184885785915,
        9.269739225972444,
        9.270612107822672,
        9.271165155107155,
        9.277257227804512,
        9.28442308306694,
        9.28431351389736,
        9.293761485023424,
        9.290858746040612,
        9.282729343976825,
        9.297077695839107,
        9.299662417033687
    ],
    "times_elapsed_model": [
        0,
        12.743085999973118,
        16.509913532994688,
        14.296367686940357,
        17.94406211702153,
        19.168692992068827,
        19.570647408952937,
        17.757804625900462,
        21.215176888974383,
        22.067541156196967,
        22.627407415071502,
        18.60762020992115,
        24.476086988812312,
        25.199445905163884,
        26.16443148883991,
        27.252295264042914,
        27.3335894420743,
        28.559288976015523,
        29.044576905900612,
        30.41568080196157,
        30.724459108896554
    ]
}