{
    "args": {
        "num_iterations": 20,
        "batch_size": 25,
        "random_seed": 44,
        "initially_labeled_samples": 25,
        "dataset": "trec6",
        "transformer_model_name": "bert-base-uncased",
        "exp_name": "baseline",
        "query_strategy": "Rand"
    },
    "train_accs": [
        0.24,
        0.24,
        0.22666666666666666,
        0.17,
        0.304,
        0.6466666666666666,
        0.37714285714285717,
        0.17,
        0.6355555555555555,
        0.532,
        0.5709090909090909,
        0.57,
        0.6338461538461538,
        0.7914285714285715,
        0.6453333333333333,
        0.795,
        0.8376470588235294,
        0.8066666666666666,
        0.21263157894736842,
        0.574,
        0.6971428571428572
    ],
    "test_accs": [
        0.19,
        0.238,
        0.344,
        0.276,
        0.31,
        0.452,
        0.336,
        0.218,
        0.476,
        0.474,
        0.494,
        0.43,
        0.556,
        0.774,
        0.672,
        0.754,
        0.82,
        0.716,
        0.28,
        0.504,
        0.66
    ],
    "times_elapsed_query_strategy": [
        0.5649897209368646,
        0.00034921709448099136,
        0.0002493439242243767,
        0.00023492984473705292,
        0.00019456190057098866,
        0.00018992088735103607,
        0.00022544385865330696,
        0.00019575492478907108,
        0.00023192609660327435,
        0.00019653304480016232,
        0.000238094013184309,
        0.0001912310253828764,
        0.0002432498149573803,
        0.0002372218295931816,
        0.00019612698815762997,
        0.00023998599499464035,
        0.0001963030081242323,
        0.0002476468216627836,
        0.00024360092356801033,
        0.00023673498071730137,
        0.00024628895334899426
    ],
    "times_elapsed_model": [
        0,
        12.958835016004741,
        13.73608788405545,
        13.230898611946031,
        13.736258526798338,
        17.751181953120977,
        18.459789017913863,
        15.492483927868307,
        20.072487576166168,
        20.82744741020724,
        21.574048517039046,
        22.694789475062862,
        23.36245864396915,
        23.95023739989847,
        25.003680065041408,
        25.494088121922687,
        26.279720843071118,
        27.449409049004316,
        21.733983685960993,
        29.392670518020168,
        30.04202973493375
    ]
}