{
    "args": {
        "num_iterations": 20,
        "batch_size": 25,
        "random_seed": 45,
        "initially_labeled_samples": 25,
        "dataset": "subj",
        "transformer_model_name": "bert-base-uncased",
        "exp_name": "baseline",
        "query_strategy": "Ent"
    },
    "train_accs": [
        0.96,
        0.82,
        0.96,
        0.96,
        0.976,
        0.9733333333333334,
        0.9828571428571429,
        0.945,
        0.9688888888888889,
        0.968,
        0.9781818181818182,
        0.97,
        0.9876923076923076,
        0.98,
        0.968,
        0.98,
        0.9670588235294117,
        0.9711111111111111,
        0.9536842105263158,
        0.958,
        0.9714285714285714
    ],
    "test_accs": [
        0.744,
        0.639,
        0.901,
        0.8995,
        0.901,
        0.9265,
        0.9335,
        0.9125,
        0.9455,
        0.939,
        0.949,
        0.9485,
        0.951,
        0.9465,
        0.9595,
        0.9435,
        0.9465,
        0.958,
        0.9535,
        0.9495,
        0.9565
    ],
    "times_elapsed_query_strategy": [
        2.1640379910822958,
        8.66417411598377,
        8.65102060791105,
        8.671613120939583,
        8.679785884916782,
        8.677725030109286,
        8.687882649945095,
        8.685151985147968,
        8.694129723124206,
        8.694015183020383,
        8.699816329870373,
        8.69752680696547,
        8.697094422066584,
        8.702454088954255,
        8.712583889020607,
        8.708150003803894,
        8.71297691296786,
        8.712005578912795,
        8.71714479313232,
        8.712124802870676,
        8.721134128980339
    ],
    "times_elapsed_model": [
        0,
        14.583561371080577,
        15.825071766972542,
        16.80366620211862,
        17.083899185061455,
        18.350133911008015,
        18.814837834099308,
        19.500910971080884,
        20.590732957003638,
        20.99839165690355,
        21.92416940489784,
        22.880558809032664,
        23.597636429127306,
        24.256801682990044,
        25.09272736380808,
        26.148476488888264,
        26.41642966400832,
        28.354008140973747,
        28.53712032502517,
        29.82597364601679,
        30.318731958977878
    ]
}