{
    "args": {
        "num_iterations": 20,
        "batch_size": 25,
        "random_seed": 43,
        "initially_labeled_samples": 25,
        "dataset": "imdb",
        "transformer_model_name": "bert-base-uncased",
        "exp_name": "baseline",
        "query_strategy": "Ent"
    },
    "train_accs": [
        0.72,
        0.76,
        0.72,
        0.8,
        0.92,
        0.9133333333333333,
        0.8971428571428571,
        0.9,
        0.9155555555555556,
        0.624,
        0.7090909090909091,
        0.88,
        0.9261538461538461,
        0.92,
        0.9173333333333333,
        0.9475,
        0.9458823529411765,
        0.94,
        0.8294736842105264,
        0.94,
        0.9523809523809523
    ],
    "test_accs": [
        0.49992,
        0.49692,
        0.49956,
        0.56844,
        0.55852,
        0.60044,
        0.57532,
        0.65444,
        0.6476,
        0.51008,
        0.57428,
        0.60348,
        0.64652,
        0.71236,
        0.7118,
        0.63528,
        0.71868,
        0.7158,
        0.6884,
        0.76552,
        0.72116
    ],
    "times_elapsed_query_strategy": [
        26.64147020294331,
        27.238174402853474,
        27.35955142485909,
        27.410989927127957,
        27.415836255066097,
        27.552822837838903,
        27.43629293004051,
        27.566537162987515,
        27.457228403072804,
        27.452159621054307,
        27.472676657140255,
        27.597355488920584,
        27.502042025094852,
        27.47045186208561,
        27.470169759122655,
        27.463043765863404,
        27.4885348638054,
        27.479135105852038,
        27.47700008796528,
        27.496493900194764,
        27.612528186058626
    ],
    "times_elapsed_model": [
        0,
        12.432163993129507,
        13.778354916954413,
        16.92209373996593,
        16.953494251007214,
        18.07538377214223,
        18.640131659107283,
        19.447243222035468,
        20.28431499679573,
        16.804890770930797,
        17.338459989987314,
        22.868432759074494,
        23.48400284885429,
        24.223421201109886,
        25.221153235062957,
        26.31918734498322,
        26.57417794712819,
        27.658620348898694,
        28.5307626191061,
        29.574983764905483,
        30.077544348081574
    ]
}