{
    "args": {
        "num_iterations": 20,
        "batch_size": 25,
        "random_seed": 44,
        "initially_labeled_samples": 25,
        "dataset": "subj",
        "transformer_model_name": "bert-base-uncased",
        "exp_name": "baseline",
        "query_strategy": "MM"
    },
    "train_accs": [
        1.0,
        0.9,
        0.9733333333333334,
        0.88,
        0.96,
        0.9533333333333334,
        0.9428571428571428,
        0.98,
        0.9733333333333334,
        0.968,
        0.9454545454545454,
        0.9733333333333334,
        0.9507692307692308,
        0.9428571428571428,
        0.9706666666666667,
        0.97,
        0.9788235294117648,
        0.9711111111111111,
        0.9768421052631578,
        0.964,
        0.9714285714285714
    ],
    "test_accs": [
        0.7805,
        0.699,
        0.896,
        0.8405,
        0.8955,
        0.9375,
        0.9235,
        0.9395,
        0.9415,
        0.942,
        0.9305,
        0.9465,
        0.943,
        0.942,
        0.952,
        0.9565,
        0.958,
        0.936,
        0.956,
        0.9585,
        0.9555
    ],
    "times_elapsed_query_strategy": [
        2.168601748999208,
        8.5568967461586,
        8.58098081802018,
        8.593982487916946,
        8.591715733055025,
        8.591208155965433,
        8.595126807922497,
        8.59492116398178,
        8.599401800194755,
        8.603788048028946,
        8.603045882890001,
        8.608356239972636,
        8.614935328019783,
        8.611884670099244,
        8.61152416584082,
        8.617873906856403,
        8.623261788859963,
        8.61960532097146,
        8.615987478056923,
        8.628078632988036,
        8.630341430893168
    ],
    "times_elapsed_model": [
        0,
        14.675712831085548,
        16.682582071051,
        16.34750245604664,
        17.359611927066,
        18.323720212094486,
        18.64703067415394,
        19.378028152044863,
        20.37617822107859,
        21.156998546095565,
        22.078745935112238,
        22.83710428699851,
        23.548491041874513,
        24.811298222048208,
        25.59826372214593,
        26.708267657086253,
        27.225997120840475,
        27.98536718217656,
        28.580804320052266,
        29.994953551795334,
        30.04581338702701
    ]
}