{
    "args": {
        "num_iterations": 20,
        "batch_size": 25,
        "random_seed": 42,
        "initially_labeled_samples": 25,
        "dataset": "subj",
        "transformer_model_name": "bert-base-uncased",
        "exp_name": "baseline",
        "query_strategy": "Rand"
    },
    "train_accs": [
        1.0,
        0.96,
        0.9466666666666667,
        0.98,
        0.944,
        0.9733333333333334,
        0.9714285714285714,
        0.97,
        0.9688888888888889,
        0.984,
        0.9890909090909091,
        0.9966666666666667,
        0.9907692307692307,
        0.9771428571428571,
        0.9813333333333333,
        0.9875,
        0.9905882352941177,
        0.9955555555555555,
        0.9957894736842106,
        0.996,
        0.9904761904761905
    ],
    "test_accs": [
        0.8675,
        0.853,
        0.842,
        0.918,
        0.916,
        0.9355,
        0.9215,
        0.9365,
        0.9415,
        0.934,
        0.932,
        0.9335,
        0.9405,
        0.941,
        0.9445,
        0.944,
        0.9385,
        0.937,
        0.9465,
        0.9515,
        0.9425
    ],
    "times_elapsed_query_strategy": [
        2.1672844071872532,
        0.0003174969460815191,
        0.0002911328338086605,
        0.00027690199203789234,
        0.0002774870954453945,
        0.00027300301007926464,
        0.0002278708852827549,
        0.0002894990611821413,
        0.00022610300220549107,
        0.00027628103271126747,
        0.0002322150394320488,
        0.0002446449361741543,
        0.000266058836132288,
        0.000257100909948349,
        0.00028032506816089153,
        0.0002779969945549965,
        0.0003056658897548914,
        0.00022651907056570053,
        0.00029637408442795277,
        0.00034150201827287674,
        0.0003365690354257822
    ],
    "times_elapsed_model": [
        0,
        14.980748435016721,
        15.761866881046444,
        16.183869315078482,
        16.756369771901518,
        18.54882909799926,
        18.663428652100265,
        19.383244863944128,
        20.43158330908045,
        21.09055958595127,
        21.936197692062706,
        22.631111497990787,
        23.42334147496149,
        24.009831501170993,
        25.068328176857904,
        26.065130544127896,
        26.615531998919323,
        27.977038209792227,
        28.53755615418777,
        30.162994605023414,
        29.98108983808197
    ]
}