{
    "args": {
        "num_iterations": 20,
        "batch_size": 25,
        "random_seed": 45,
        "initially_labeled_samples": 25,
        "dataset": "ag_news",
        "transformer_model_name": "bert-base-uncased",
        "exp_name": "baseline",
        "query_strategy": "Ent"
    },
    "train_accs": [
        0.8,
        0.6,
        0.72,
        0.55,
        0.856,
        0.7,
        0.7085714285714285,
        0.77,
        0.8355555555555556,
        0.62,
        0.6909090909090909,
        0.66,
        0.7507692307692307,
        0.5142857142857142,
        0.6773333333333333,
        0.6375,
        0.4964705882352941,
        0.7488888888888889,
        0.6947368421052632,
        0.494,
        0.9047619047619048
    ],
    "test_accs": [
        0.4126315789473684,
        0.33223684210526316,
        0.5568421052631579,
        0.46710526315789475,
        0.65,
        0.6339473684210526,
        0.5797368421052631,
        0.7296052631578948,
        0.7547368421052632,
        0.6896052631578947,
        0.7176315789473684,
        0.7203947368421053,
        0.7125,
        0.6801315789473684,
        0.7265789473684211,
        0.7047368421052631,
        0.6251315789473684,
        0.7225,
        0.7556578947368421,
        0.6782894736842106,
        0.8336842105263158
    ],
    "times_elapsed_query_strategy": [
        8.098962503951043,
        131.56943433894776,
        131.97726096003316,
        131.82324785878882,
        132.11900925985537,
        132.07704277406447,
        132.05734916520305,
        132.05949759902433,
        131.79809371894225,
        132.0191167080775,
        132.0886475071311,
        132.0759198940359,
        132.03878615400754,
        131.9072649879381,
        132.12936011096463,
        132.1216000141576,
        132.20158947189339,
        131.93641843018122,
        132.08352114795707,
        132.12292885687202,
        132.22254148102365
    ],
    "times_elapsed_model": [
        0,
        14.686870107194409,
        16.435143306851387,
        16.709605525946245,
        17.40368609991856,
        18.5284300041385,
        18.925121620995924,
        19.698417603969574,
        21.143002416938543,
        21.54298976995051,
        22.627937295939773,
        23.471784726018086,
        23.328027772018686,
        24.41022403188981,
        25.64636193215847,
        26.2631868890021,
        26.849650850053877,
        28.260435562115163,
        28.859792061150074,
        29.766104271868244,
        30.152438546996564
    ]
}