{
    "args": {
        "num_iterations": 20,
        "batch_size": 25,
        "random_seed": 42,
        "initially_labeled_samples": 25,
        "dataset": "imdb",
        "transformer_model_name": "bert-base-uncased",
        "exp_name": "baseline",
        "query_strategy": "Ent"
    },
    "train_accs": [
        0.48,
        0.72,
        0.8533333333333334,
        0.54,
        0.92,
        0.6333333333333333,
        0.8457142857142858,
        0.91,
        0.9644444444444444,
        0.956,
        0.9127272727272727,
        0.7466666666666667,
        0.8707692307692307,
        0.9285714285714286,
        0.9306666666666666,
        0.82,
        0.9341176470588235,
        0.92,
        0.8442105263157895,
        0.942,
        0.9104761904761904
    ],
    "test_accs": [
        0.50084,
        0.52548,
        0.53236,
        0.50824,
        0.60872,
        0.5216,
        0.5568,
        0.58464,
        0.653,
        0.63416,
        0.63392,
        0.58524,
        0.60732,
        0.67064,
        0.65776,
        0.60552,
        0.6864,
        0.66228,
        0.68192,
        0.6748,
        0.74896
    ],
    "times_elapsed_query_strategy": [
        26.663662506034598,
        27.33029458601959,
        27.39417045400478,
        27.404896209947765,
        27.440344623988494,
        27.563948585884646,
        27.445354829076678,
        27.566001469036564,
        27.435748346848413,
        27.544844835996628,
        27.447972427122295,
        27.574818528955802,
        27.472802391974255,
        27.439669215120375,
        27.468805810902268,
        27.452611858956516,
        27.49014713591896,
        27.477352020097896,
        27.474789704894647,
        27.57965080603026,
        27.615417514229193
    ],
    "times_elapsed_model": [
        0,
        12.258555167121813,
        15.857623310061172,
        13.489543002098799,
        17.22082792595029,
        14.665606000926346,
        18.91129834903404,
        19.61838896991685,
        20.316559362923726,
        21.324752307031304,
        22.13003613287583,
        19.733425012091175,
        23.529849030077457,
        24.29146544309333,
        25.41745432303287,
        26.17941519105807,
        27.166105221025646,
        28.235484634060413,
        28.606030028080568,
        29.92579679004848,
        30.17205201718025
    ]
}