{
    "args": {
        "num_iterations": 20,
        "batch_size": 25,
        "random_seed": 46,
        "initially_labeled_samples": 25,
        "dataset": "rotten",
        "transformer_model_name": "bert-base-uncased",
        "exp_name": "baseline",
        "query_strategy": "Rand"
    },
    "train_accs": [
        1.0,
        0.5,
        0.88,
        0.85,
        0.848,
        0.94,
        0.9314285714285714,
        0.895,
        0.8622222222222222,
        0.932,
        0.9418181818181818,
        0.9433333333333334,
        0.9476923076923077,
        0.9428571428571428,
        0.9626666666666667,
        0.9425,
        0.9482352941176471,
        0.9533333333333334,
        0.96,
        0.95,
        0.9523809523809523
    ],
    "test_accs": [
        0.5656660412757973,
        0.50093808630394,
        0.5787992495309568,
        0.6538461538461539,
        0.5525328330206379,
        0.6632270168855535,
        0.6941838649155723,
        0.6651031894934334,
        0.6754221388367729,
        0.7776735459662288,
        0.7560975609756098,
        0.7711069418386491,
        0.7851782363977486,
        0.7626641651031895,
        0.7804878048780488,
        0.7964352720450282,
        0.8180112570356473,
        0.8086303939962477,
        0.8086303939962477,
        0.797373358348968,
        0.8217636022514071
    ],
    "times_elapsed_query_strategy": [
        1.1825434358324856,
        0.0002979841083288193,
        0.00028857914730906487,
        0.00027489406056702137,
        0.00028355210088193417,
        0.0002824990078806877,
        0.0002775120083242655,
        0.00027119601145386696,
        0.0002915270160883665,
        0.00028415792621672153,
        0.00028288201428949833,
        0.0003110719844698906,
        0.0002442940603941679,
        0.00027400488033890724,
        0.0002937000244855881,
        0.00027893297374248505,
        0.00031034788116812706,
        0.00028597190976142883,
        0.0002822568640112877,
        0.0002801339142024517,
        0.00028470298275351524
    ],
    "times_elapsed_model": [
        0,
        12.929043916985393,
        16.260501267854124,
        17.0266534879338,
        17.552812982117757,
        18.983708108076826,
        19.18186954781413,
        19.860777182038873,
        20.873849160037935,
        21.905484460061416,
        22.160204716026783,
        23.292793010128662,
        23.967375855892897,
        24.78224969911389,
        25.59503700886853,
        26.539231040049344,
        27.568879134953022,
        28.490254488075152,
        28.7035584601108,
        29.96579287806526,
        30.25896477000788
    ]
}