{
    "args": {
        "num_iterations": 20,
        "batch_size": 25,
        "random_seed": 42,
        "initially_labeled_samples": 25,
        "dataset": "ag_news",
        "transformer_model_name": "bert-base-uncased",
        "exp_name": "baseline",
        "query_strategy": "MM"
    },
    "train_accs": [
        0.56,
        0.7,
        0.44,
        0.55,
        0.816,
        0.8733333333333333,
        0.8685714285714285,
        0.875,
        0.8666666666666667,
        0.9,
        0.9127272727272727,
        0.8766666666666667,
        0.9230769230769231,
        0.8885714285714286,
        0.88,
        0.93,
        0.84,
        0.9177777777777778,
        0.8905263157894737,
        0.814,
        0.8933333333333333
    ],
    "test_accs": [
        0.335,
        0.38842105263157894,
        0.3601315789473684,
        0.5092105263157894,
        0.6655263157894736,
        0.703421052631579,
        0.6018421052631578,
        0.6948684210526316,
        0.7682894736842105,
        0.8168421052631579,
        0.8225,
        0.8253947368421053,
        0.8496052631578948,
        0.8539473684210527,
        0.8551315789473685,
        0.8609210526315789,
        0.841842105263158,
        0.8764473684210526,
        0.8560526315789474,
        0.8325,
        0.8552631578947368
    ],
    "times_elapsed_query_strategy": [
        8.109534756047651,
        130.8081585939508,
        131.24272942892276,
        131.12241163803264,
        131.26850788202137,
        131.3203739079181,
        131.2705823648721,
        131.26267666905187,
        131.0768073031213,
        131.24624039791524,
        131.29013826092705,
        131.25585381919518,
        131.21015213802457,
        131.0211457530968,
        131.21861011977307,
        131.24313038191758,
        131.23198052612133,
        130.98476286209188,
        131.1651508398354,
        131.16950540500693,
        131.17663051793352
    ],
    "times_elapsed_model": [
        0,
        14.804210358066484,
        16.00938161998056,
        16.69355790107511,
        17.34991375799291,
        18.76942245196551,
        18.83328134007752,
        19.855252592125908,
        21.16332256188616,
        21.46472031599842,
        22.52265073801391,
        23.07843461004086,
        23.68114219396375,
        24.22444965597242,
        25.55287500214763,
        26.077241486869752,
        27.290672348812222,
        28.24848974402994,
        29.076836725929752,
        29.982836618088186,
        30.10714746499434
    ]
}