{
    "args": {
        "num_iterations": 20,
        "batch_size": 25,
        "random_seed": 43,
        "initially_labeled_samples": 25,
        "dataset": "ag_news",
        "transformer_model_name": "bert-base-uncased",
        "exp_name": "baseline",
        "query_strategy": "Ent"
    },
    "train_accs": [
        0.52,
        0.66,
        0.7066666666666667,
        0.88,
        0.504,
        0.44,
        0.6,
        0.415,
        0.4222222222222222,
        0.556,
        0.5309090909090909,
        0.54,
        0.8615384615384616,
        0.7371428571428571,
        0.4106666666666667,
        0.4775,
        0.4988235294117647,
        0.3711111111111111,
        0.3957894736842105,
        0.496,
        0.45714285714285713
    ],
    "test_accs": [
        0.40342105263157896,
        0.31513157894736843,
        0.5111842105263158,
        0.7126315789473684,
        0.5696052631578947,
        0.4582894736842105,
        0.5807894736842105,
        0.3865789473684211,
        0.5402631578947369,
        0.6660526315789473,
        0.6467105263157895,
        0.6794736842105263,
        0.8028947368421052,
        0.7373684210526316,
        0.6811842105263158,
        0.6867105263157894,
        0.68,
        0.6775,
        0.6638157894736842,
        0.6946052631578947,
        0.7078947368421052
    ],
    "times_elapsed_query_strategy": [
        8.111347147962078,
        131.90632151183672,
        132.16922017512843,
        131.86150503112003,
        132.12713634502143,
        132.16820589988492,
        132.21503771003336,
        132.18912753695622,
        131.95114189898595,
        132.20095403888263,
        132.2361519280821,
        132.26134674204513,
        132.27003917004913,
        131.9972386630252,
        132.2158456009347,
        132.22398778493516,
        132.19517570291646,
        132.03783103404567,
        132.19129351503216,
        132.25163621501997,
        132.2674103619065
    ],
    "times_elapsed_model": [
        0,
        14.380882031982765,
        16.230831010034308,
        16.926333606010303,
        17.319076034007594,
        18.115988832898438,
        18.908010584069416,
        19.35989799303934,
        20.8995626331307,
        21.300647584954277,
        22.750302406959236,
        23.581265269080177,
        23.989755793008953,
        25.113975642016158,
        25.973639630014077,
        26.13222240190953,
        26.915404848055914,
        27.94850296108052,
        28.3818916878663,
        30.090671580052003,
        30.624602721072733
    ]
}