{
    "args": {
        "num_iterations": 20,
        "batch_size": 25,
        "random_seed": 42,
        "initially_labeled_samples": 25,
        "dataset": "subj",
        "transformer_model_name": "bert-base-uncased",
        "exp_name": "baseline",
        "query_strategy": "Ent"
    },
    "train_accs": [
        1.0,
        0.98,
        0.96,
        0.97,
        0.968,
        0.96,
        0.9828571428571429,
        0.975,
        0.9555555555555556,
        0.956,
        0.8836363636363637,
        0.97,
        0.96,
        0.96,
        0.968,
        0.97,
        0.9670588235294117,
        0.9688888888888889,
        0.9747368421052631,
        0.968,
        0.9580952380952381
    ],
    "test_accs": [
        0.8675,
        0.885,
        0.8565,
        0.8795,
        0.927,
        0.9365,
        0.9275,
        0.9275,
        0.9225,
        0.9245,
        0.916,
        0.954,
        0.951,
        0.9445,
        0.949,
        0.9505,
        0.952,
        0.9525,
        0.9525,
        0.946,
        0.9555
    ],
    "times_elapsed_query_strategy": [
        2.164256931981072,
        8.64014516491443,
        8.657760703004897,
        8.678481312002987,
        8.690509121865034,
        8.693045735126361,
        8.689500343985856,
        8.697257535997778,
        8.69083109893836,
        8.70451362291351,
        8.711212893016636,
        8.711169915040955,
        8.7114025040064,
        8.718705084873363,
        8.722287258133292,
        8.728366249939427,
        8.726208215812221,
        8.729197734966874,
        8.728480665013194,
        8.736104015028104,
        8.73306042701006
    ],
    "times_elapsed_model": [
        0,
        14.388180654030293,
        15.729075470007956,
        16.523714768933132,
        16.95828389097005,
        17.882184071931988,
        19.223514727083966,
        19.520859931129962,
        20.29401439987123,
        21.183209497015923,
        22.160999024054036,
        23.37697082408704,
        23.34937998279929,
        24.368099371902645,
        25.02740553789772,
        26.296522192889825,
        26.832489216001704,
        27.429201741004363,
        28.16290508513339,
        29.411598548060283,
        29.956000295933336
    ]
}