{
    "args": {
        "num_iterations": 20,
        "batch_size": 25,
        "random_seed": 44,
        "initially_labeled_samples": 25,
        "dataset": "ag_news",
        "transformer_model_name": "bert-base-uncased",
        "exp_name": "baseline",
        "query_strategy": "LC"
    },
    "train_accs": [
        0.8,
        0.74,
        0.8666666666666667,
        0.91,
        0.352,
        0.74,
        0.9028571428571428,
        0.515,
        0.4311111111111111,
        0.884,
        0.7345454545454545,
        0.7666666666666667,
        0.7107692307692308,
        0.8657142857142858,
        0.5733333333333334,
        0.615,
        0.36941176470588233,
        0.4,
        0.40421052631578946,
        0.41,
        0.8704761904761905
    ],
    "test_accs": [
        0.5425,
        0.5076315789473684,
        0.5976315789473684,
        0.6189473684210526,
        0.45473684210526316,
        0.6011842105263158,
        0.6490789473684211,
        0.4880263157894737,
        0.5176315789473684,
        0.6713157894736842,
        0.7460526315789474,
        0.7819736842105263,
        0.6827631578947368,
        0.7021052631578948,
        0.6602631578947369,
        0.6418421052631579,
        0.5972368421052632,
        0.6067105263157895,
        0.656578947368421,
        0.6301315789473684,
        0.8375
    ],
    "times_elapsed_query_strategy": [
        8.088586344150826,
        130.19328422215767,
        130.72262048302218,
        130.5126517249737,
        130.80806313687935,
        130.73649030993693,
        130.77269748505205,
        130.86484788102098,
        130.63148559513502,
        130.83428452000953,
        130.8330854959786,
        130.82585679809563,
        130.90128606115468,
        130.6944687939249,
        130.9681050630752,
        130.9230254299473,
        130.9088738381397,
        130.68066418007948,
        130.85179266007617,
        130.9215283500962,
        130.85698791081086
    ],
    "times_elapsed_model": [
        0,
        14.897421897156164,
        16.40365828596987,
        16.614062337903306,
        17.0576047541108,
        18.57720066118054,
        19.144305744906887,
        20.156808842904866,
        20.960888276109472,
        21.698401373112574,
        22.37744375015609,
        23.378103815950453,
        23.9954300688114,
        24.948204982094467,
        25.799111406086013,
        26.503557950025424,
        27.01244198810309,
        27.916768725961447,
        28.78187106992118,
        29.6298969630152,
        30.368104057153687
    ]
}