{
    "args": {
        "num_iterations": 20,
        "batch_size": 25,
        "random_seed": 46,
        "initially_labeled_samples": 25,
        "dataset": "trec6",
        "transformer_model_name": "bert-base-uncased",
        "exp_name": "baseline",
        "query_strategy": "Rand"
    },
    "train_accs": [
        0.48,
        0.44,
        0.49333333333333335,
        0.33,
        0.488,
        0.46,
        0.6285714285714286,
        0.4,
        0.5822222222222222,
        0.36,
        0.6472727272727272,
        0.6666666666666666,
        0.8307692307692308,
        0.7457142857142857,
        0.8213333333333334,
        0.7275,
        0.691764705882353,
        0.6866666666666666,
        0.6736842105263158,
        0.694,
        0.7885714285714286
    ],
    "test_accs": [
        0.218,
        0.18,
        0.256,
        0.292,
        0.39,
        0.334,
        0.536,
        0.34,
        0.624,
        0.428,
        0.504,
        0.652,
        0.59,
        0.684,
        0.634,
        0.73,
        0.614,
        0.67,
        0.742,
        0.724,
        0.824
    ],
    "times_elapsed_query_strategy": [
        0.5628734631463885,
        0.0002661389298737049,
        0.00024189893156290054,
        0.00023952708579599857,
        0.00024475203827023506,
        0.0002388269640505314,
        0.00022876705043017864,
        0.000244444003328681,
        0.0002572608646005392,
        0.0002614168915897608,
        0.00024706916883587837,
        0.00024182209745049477,
        0.00025184289552271366,
        0.000233490951359272,
        0.0002476109657436609,
        0.00024906708858907223,
        0.00024782796390354633,
        0.00024299719370901585,
        0.00025013391859829426,
        0.0002536850515753031,
        0.0002395820338279009
    ],
    "times_elapsed_model": [
        0,
        14.364472127053887,
        16.20309789502062,
        16.466341071063653,
        17.015838362043723,
        18.122759939869866,
        18.910117486026138,
        19.74399261083454,
        20.43744678515941,
        19.675766695989296,
        21.983251449884847,
        22.9134132261388,
        23.435412044869736,
        24.255151286022738,
        25.233751521911472,
        25.99625691003166,
        26.595617084996775,
        27.730121723143384,
        28.22063349094242,
        29.490554607938975,
        30.066104569938034
    ]
}