{
    "args": {
        "num_iterations": 20,
        "batch_size": 25,
        "random_seed": 45,
        "initially_labeled_samples": 25,
        "dataset": "trec6",
        "transformer_model_name": "bert-base-uncased",
        "exp_name": "baseline",
        "query_strategy": "LC"
    },
    "train_accs": [
        0.28,
        0.4,
        0.16,
        0.1,
        0.2,
        0.34,
        0.17714285714285713,
        0.22,
        0.6088888888888889,
        0.408,
        0.23272727272727273,
        0.23666666666666666,
        0.23076923076923078,
        0.2857142857142857,
        0.7813333333333333,
        0.1675,
        0.68,
        0.5377777777777778,
        0.2,
        0.628,
        0.259047619047619
    ],
    "test_accs": [
        0.156,
        0.406,
        0.194,
        0.226,
        0.276,
        0.13,
        0.276,
        0.282,
        0.6,
        0.328,
        0.348,
        0.21,
        0.256,
        0.202,
        0.734,
        0.234,
        0.7,
        0.524,
        0.312,
        0.684,
        0.236
    ],
    "times_elapsed_query_strategy": [
        0.5762966428883374,
        5.845518249087036,
        5.836890486069024,
        5.830031281104311,
        5.8388248609844595,
        5.844776245998219,
        5.851237496826798,
        5.856572224991396,
        5.860387556022033,
        5.860877089900896,
        5.866223983000964,
        5.861452135955915,
        5.859162603970617,
        5.861211924115196,
        5.8575480449944735,
        5.859107516007498,
        5.865370878949761,
        5.864388585090637,
        5.862862664042041,
        5.864462917903438,
        5.870623552938923
    ],
    "times_elapsed_model": [
        0,
        14.475019610021263,
        13.084150597918779,
        13.508525208104402,
        14.11740283598192,
        14.765708987833932,
        15.233029776019976,
        16.0301237241365,
        20.693887668894604,
        19.684409759938717,
        17.155430176993832,
        18.04162781802006,
        20.12874673609622,
        18.973289483925328,
        25.09263185504824,
        20.185899117961526,
        26.429531106026843,
        27.549612091854215,
        23.793175493832678,
        29.226234572008252,
        23.037134564016014
    ]
}