{
    "args": {
        "num_iterations": 20,
        "batch_size": 25,
        "random_seed": 43,
        "initially_labeled_samples": 25,
        "dataset": "ag_news",
        "transformer_model_name": "bert-base-uncased",
        "exp_name": "baseline",
        "query_strategy": "Rand"
    },
    "train_accs": [
        0.52,
        0.64,
        0.8,
        0.86,
        0.76,
        0.9533333333333334,
        0.9314285714285714,
        0.89,
        0.8755555555555555,
        0.916,
        0.9163636363636364,
        0.9433333333333334,
        0.92,
        0.9285714285714286,
        0.9306666666666666,
        0.9125,
        0.9341176470588235,
        0.9311111111111111,
        0.9368421052631579,
        0.944,
        0.9638095238095238
    ],
    "test_accs": [
        0.40342105263157896,
        0.4648684210526316,
        0.5642105263157895,
        0.6517105263157895,
        0.5386842105263158,
        0.7303947368421052,
        0.7792105263157895,
        0.7589473684210526,
        0.7710526315789473,
        0.8348684210526316,
        0.8438157894736842,
        0.8422368421052632,
        0.8509210526315789,
        0.8557894736842105,
        0.8742105263157894,
        0.8630263157894736,
        0.8702631578947368,
        0.8553947368421052,
        0.865,
        0.8780263157894737,
        0.8873684210526316
    ],
    "times_elapsed_query_strategy": [
        8.107864537043497,
        0.002117033815011382,
        0.0021508249919861555,
        0.0020287660881876945,
        0.0020307910162955523,
        0.002045287052169442,
        0.002160449977964163,
        0.002041230909526348,
        0.002135124057531357,
        0.0021773898042738438,
        0.002019281033426523,
        0.002192768966779113,
        0.0021858899854123592,
        0.0022028619423508644,
        0.002159005030989647,
        0.0021131238900125027,
        0.0022360479924827814,
        0.002064470900222659,
        0.002205795142799616,
        0.002214023843407631,
        0.0020300738979130983
    ],
    "times_elapsed_model": [
        0,
        14.577089475933462,
        16.622385862050578,
        16.576650300994515,
        17.552549405023456,
        18.0785722208675,
        19.29949310189113,
        19.789376286091283,
        20.56808698689565,
        21.793779282830656,
        22.109464172972366,
        23.127232774859294,
        24.066050244960934,
        24.390468433964998,
        25.090818577911705,
        26.57894912105985,
        27.2272680059541,
        27.622478045988828,
        29.05201670806855,
        29.64713665493764,
        29.989797302987427
    ]
}