{
    "args": {
        "num_iterations": 3,
        "batch_size": 20,
        "random_seed": 42,
        "initially_labeled_samples": 25,
        "dataset": "ag_news",
        "transformer_model_name": "bert-base-uncased",
        "exp_name": "test"
    },
    "train_accs": [
        0.8666666666666667,
        0.24615384615384617,
        0.3411764705882353
    ],
    "test_accs": [
        0.4905263157894737,
        0.36276315789473684,
        0.3464473684210526
    ],
    "times_elapsed": [
        129.30313335894607,
        152.76908988016658,
        130.60049218311906
    ]
}