{
    "args": {
        "num_iterations": 20,
        "batch_size": 25,
        "random_seed": 43,
        "initially_labeled_samples": 25,
        "dataset": "subj",
        "transformer_model_name": "bert-base-uncased",
        "exp_name": "baseline",
        "query_strategy": "LC"
    },
    "train_accs": [
        1.0,
        0.96,
        0.8533333333333334,
        0.98,
        0.96,
        0.96,
        0.9714285714285714,
        0.97,
        0.9911111111111112,
        0.98,
        0.9345454545454546,
        0.9766666666666667,
        0.9784615384615385,
        0.9371428571428572,
        0.9813333333333333,
        0.9725,
        0.971764705882353,
        0.9511111111111111,
        0.9831578947368421,
        0.972,
        0.9714285714285714
    ],
    "test_accs": [
        0.839,
        0.833,
        0.7965,
        0.9035,
        0.9075,
        0.8995,
        0.923,
        0.932,
        0.9345,
        0.9345,
        0.9355,
        0.9495,
        0.9505,
        0.9335,
        0.945,
        0.9495,
        0.957,
        0.9575,
        0.949,
        0.959,
        0.956
    ],
    "times_elapsed_query_strategy": [
        2.16165454313159,
        8.558023842051625,
        8.577115910826251,
        8.590689719188958,
        8.588362612994388,
        8.600642890902236,
        8.60468737501651,
        8.611312492052093,
        8.603341887937859,
        8.606667551212013,
        8.608014781028032,
        8.614361723186448,
        8.60932069690898,
        8.613705717027187,
        8.614833850879222,
        8.690359406871721,
        8.62100286805071,
        8.621617764001712,
        8.631604584865272,
        8.630775373894721,
        8.711861816002056
    ],
    "times_elapsed_model": [
        0,
        14.953511378029361,
        14.007694825995713,
        16.44493282889016,
        16.908384492853656,
        18.128616177942604,
        18.590367577970028,
        19.73168890713714,
        20.617293199058622,
        21.1510729000438,
        21.941597091034055,
        23.805814162129536,
        23.43560882192105,
        24.16704782890156,
        25.211798849049956,
        25.846838857978582,
        26.475076199974865,
        27.535711693111807,
        28.648382641142234,
        29.5887703159824,
        30.000835448037833
    ]
}